CustomerID,Gender,Age,Annual_Income_k,Spending_Score,Purchase_Frequency_Year,Avg_Order_Value,Recency_Days,Return_Rate_Pct,Discount_Usage_Pct,Online_Order_Ratio,App_Sessions_Month,Years_As_Customer,Total_Annual_Spend,High_Value_Customer,Cluster_ID,Persona_Name,Persona_Tag,Tier,High_Value_Prediction,High_Value_Probability,Marketing_Strategy,Recommended_Channel
CUST_0001,Male,22,76,52,18,176.69,213,23.4,46.7,0.43,13,3.6,3180.42,0,1,Young Enthusiasts & Trendsetters,Potential / High-Engagement,Tier 3 - High Engagement,Standard,0.001,High-Value Upselling & Premium Basket Conversion,Curated Email Lookbooks / Targeted Category Highlights
CUST_0002,Female,35,44,93,29,248.73,94,22.0,63.2,0.55,21,5.1,7213.17,1,1,Young Enthusiasts & Trendsetters,Potential / High-Engagement,Tier 3 - High Engagement,High-Value,0.998,Gamified Mobile Engagement & Flash Social Drops,Mobile App Push / TikTok & Instagram Ads / SMS Alerts
CUST_0003,Female,45,66,52,18,195.38,278,17.6,46.1,0.45,9,5.4,3516.84,0,2,Young Enthusiasts & Trendsetters,Potential / High-Engagement,Tier 3 - High Engagement,Standard,0.001,Gamified Mobile Engagement & Flash Social Drops,Mobile App Push / TikTok & Instagram Ads / SMS Alerts
CUST_0004,Female,59,43,36,15,153.42,267,19.2,38.1,0.19,5,7.7,2301.3,0,0,Frugal Budget Conscious,Budget Shoppers,Tier 4 - Cost Sensitive,Standard,0.0,Smart Value & Price-Sensitive Promotional Campaigns,Weekly Promotional Email / Discount Catalog SMS
CUST_0005,Male,39,46,38,13,115.85,275,21.1,47.5,0.66,10,4.6,1506.05,0,4,Frugal Budget Conscious,Budget Shoppers,Tier 4 - Cost Sensitive,Standard,0.001,Smart Value & Price-Sensitive Promotional Campaigns,Weekly Promotional Email / Discount Catalog SMS
CUST_0006,Male,38,32,50,13,111.71,252,17.3,60.0,0.65,6,3.6,1452.23,0,1,Young Enthusiasts & Trendsetters,Potential / High-Engagement,Tier 3 - High Engagement,Standard,0.001,Gamified Mobile Engagement & Flash Social Drops,Mobile App Push / TikTok & Instagram Ads / SMS Alerts
CUST_0007,Male,23,40,63,22,154.36,166,22.9,55.9,0.4,12,3.0,3395.92,0,1,Young Enthusiasts & Trendsetters,Potential / High-Engagement,Tier 3 - High Engagement,Standard,0.001,Gamified Mobile Engagement & Flash Social Drops,Mobile App Push / TikTok & Instagram Ads / SMS Alerts
CUST_0008,Female,18,33,63,19,134.69,218,15.7,61.7,0.5,16,2.6,2559.11,0,1,Young Enthusiasts & Trendsetters,Potential / High-Engagement,Tier 3 - High Engagement,Standard,0.001,Gamified Mobile Engagement & Flash Social Drops,Mobile App Push / TikTok & Instagram Ads / SMS Alerts
CUST_0009,Female,22,39,62,21,172.66,210,20.8,52.4,0.49,18,3.7,3625.86,0,1,Young Enthusiasts & Trendsetters,Potential / High-Engagement,Tier 3 - High Engagement,Standard,0.002,Gamified Mobile Engagement & Flash Social Drops,Mobile App Push / TikTok & Instagram Ads / SMS Alerts
CUST_0010,Female,58,97,99,33,284.96,93,8.1,59.5,0.46,14,6.9,9403.68,1,2,Young Enthusiasts & Trendsetters,Potential / High-Engagement,Tier 3 - High Engagement,High-Value,0.998,VIP Loyalty Concierge & Exclusive Retention,Dedicated Concierge / Private Invitation / SMS Preview
CUST_0011,Male,29,39,7,3,52.62,312,17.0,25.6,0.61,6,3.8,157.86,0,4,Frugal Budget Conscious,Budget Shoppers,Tier 4 - Cost Sensitive,Standard,0.001,Smart Value & Price-Sensitive Promotional Campaigns,Weekly Promotional Email / Discount Catalog SMS
CUST_0012,Female,43,150,27,23,273.34,314,23.8,26.5,0.46,3,4.3,6286.82,0,3,Affluent VIP Spenders,Premium / High-Value,Tier 1 - Highest Value,Standard,0.059,VIP Loyalty Concierge & Exclusive Retention,Dedicated Concierge / Private Invitation / SMS Preview
CUST_0013,Female,63,75,92,33,231.09,164,22.1,65.9,0.38,18,7.5,7625.97,1,2,Young Enthusiasts & Trendsetters,Potential / High-Engagement,Tier 3 - High Engagement,High-Value,0.998,VIP Loyalty Concierge & Exclusive Retention,Dedicated Concierge / Private Invitation / SMS Preview
CUST_0014,Male,51,66,86,27,198.57,151,24.4,67.8,0.22,16,5.6,5361.39,0,2,Young Enthusiasts & Trendsetters,Potential / High-Engagement,Tier 3 - High Engagement,Standard,0.187,Gamified Mobile Engagement & Flash Social Drops,Mobile App Push / TikTok & Instagram Ads / SMS Alerts
CUST_0015,Male,66,41,14,9,92.18,286,16.5,45.2,0.38,4,9.9,829.62,0,0,Frugal Budget Conscious,Budget Shoppers,Tier 4 - Cost Sensitive,Standard,0.001,Smart Value & Price-Sensitive Promotional Campaigns,Weekly Promotional Email / Discount Catalog SMS
CUST_0016,Male,31,83,71,29,202.26,152,18.1,38.5,0.51,18,2.7,5865.54,1,1,Young Enthusiasts & Trendsetters,Potential / High-Engagement,Tier 3 - High Engagement,High-Value,0.974,VIP Loyalty Concierge & Exclusive Retention,Dedicated Concierge / Private Invitation / SMS Preview
CUST_0017,Male,43,47,86,25,221.91,132,24.1,71.0,0.35,17,6.4,5547.75,1,1,Young Enthusiasts & Trendsetters,Potential / High-Engagement,Tier 3 - High Engagement,High-Value,0.96,Gamified Mobile Engagement & Flash Social Drops,Mobile App Push / TikTok & Instagram Ads / SMS Alerts
CUST_0018,Female,62,64,5,7,82.19,365,20.9,39.7,0.12,0,7.8,575.33,0,0,Frugal Budget Conscious,Budget Shoppers,Tier 4 - Cost Sensitive,Standard,0.0,Smart Value & Price-Sensitive Promotional Campaigns,Weekly Promotional Email / Discount Catalog SMS
CUST_0019,Male,44,150,55,27,267.69,217,17.5,29.7,0.45,15,7.0,7227.63,1,3,Affluent VIP Spenders,Premium / High-Value,Tier 1 - Highest Value,High-Value,0.975,VIP Loyalty Concierge & Exclusive Retention,Dedicated Concierge / Private Invitation / SMS Preview
CUST_0020,Male,26,58,2,5,90.83,346,25.1,33.7,0.6,7,4.1,454.15,0,4,Frugal Budget Conscious,Budget Shoppers,Tier 4 - Cost Sensitive,Standard,0.001,Smart Value & Price-Sensitive Promotional Campaigns,Weekly Promotional Email / Discount Catalog SMS
CUST_0021,Female,43,101,62,27,253.3,156,13.0,33.3,0.2,13,7.1,6839.1,1,3,Affluent VIP Spenders,Premium / High-Value,Tier 1 - Highest Value,High-Value,0.994,VIP Loyalty Concierge & Exclusive Retention,Dedicated Concierge / Private Invitation / SMS Preview
CUST_0022,Male,64,44,91,27,219.29,113,18.3,66.3,0.34,14,10.1,5920.83,1,2,Young Enthusiasts & Trendsetters,Potential / High-Engagement,Tier 3 - High Engagement,High-Value,0.993,Gamified Mobile Engagement & Flash Social Drops,Mobile App Push / TikTok & Instagram Ads / SMS Alerts
CUST_0023,Male,39,59,21,9,130.13,274,11.5,49.8,0.5,7,6.4,1171.17,0,4,Frugal Budget Conscious,Budget Shoppers,Tier 4 - Cost Sensitive,Standard,0.001,Smart Value & Price-Sensitive Promotional Campaigns,Weekly Promotional Email / Discount Catalog SMS
CUST_0024,Male,64,134,79,33,303.61,133,11.7,41.0,0.25,12,10.0,10019.13,1,3,Affluent VIP Spenders,Premium / High-Value,Tier 1 - Highest Value,High-Value,0.992,VIP Loyalty Concierge & Exclusive Retention,Dedicated Concierge / Private Invitation / SMS Preview
CUST_0025,Female,47,46,21,7,121.69,315,23.3,41.2,0.49,8,6.9,851.83,0,0,Frugal Budget Conscious,Budget Shoppers,Tier 4 - Cost Sensitive,Standard,0.0,Smart Value & Price-Sensitive Promotional Campaigns,Weekly Promotional Email / Discount Catalog SMS
CUST_0026,Female,60,136,10,21,243.46,327,12.3,16.6,0.34,0,7.3,5112.66,0,3,Affluent VIP Spenders,Premium / High-Value,Tier 1 - Highest Value,Standard,0.004,VIP Loyalty Concierge & Exclusive Retention,Dedicated Concierge / Private Invitation / SMS Preview
CUST_0027,Male,65,83,87,35,237.13,194,20.7,40.8,0.37,11,8.4,8299.55,1,2,Young Enthusiasts & Trendsetters,Potential / High-Engagement,Tier 3 - High Engagement,High-Value,0.971,VIP Loyalty Concierge & Exclusive Retention,Dedicated Concierge / Private Invitation / SMS Preview
CUST_0028,Female,34,47,58,21,160.79,249,25.6,50.0,0.59,16,3.5,3376.59,0,1,Young Enthusiasts & Trendsetters,Potential / High-Engagement,Tier 3 - High Engagement,Standard,0.001,Gamified Mobile Engagement & Flash Social Drops,Mobile App Push / TikTok & Instagram Ads / SMS Alerts
CUST_0029,Female,43,80,39,19,179.31,247,17.1,35.3,0.53,9,6.1,3406.89,0,4,Frugal Budget Conscious,Budget Shoppers,Tier 4 - Cost Sensitive,Standard,0.0,High-Value Upselling & Premium Basket Conversion,Curated Email Lookbooks / Targeted Category Highlights
CUST_0030,Male,53,93,5,11,157.46,325,19.5,20.0,0.55,6,7.3,1732.06,0,0,Frugal Budget Conscious,Budget Shoppers,Tier 4 - Cost Sensitive,Standard,0.0,High-Value Upselling & Premium Basket Conversion,Curated Email Lookbooks / Targeted Category Highlights
CUST_0031,Female,18,80,65,23,219.7,240,20.8,53.8,0.65,18,3.1,5053.1,0,1,Young Enthusiasts & Trendsetters,Potential / High-Engagement,Tier 3 - High Engagement,Standard,0.021,VIP Loyalty Concierge & Exclusive Retention,Dedicated Concierge / Private Invitation / SMS Preview
CUST_0032,Male,25,30,13,8,70.36,365,14.6,38.7,0.49,7,4.4,562.88,0,4,Frugal Budget Conscious,Budget Shoppers,Tier 4 - Cost Sensitive,Standard,0.001,Smart Value & Price-Sensitive Promotional Campaigns,Weekly Promotional Email / Discount Catalog SMS
CUST_0033,Male,66,44,85,24,213.3,82,16.6,68.4,0.23,15,8.9,5119.2,1,2,Young Enthusiasts & Trendsetters,Potential / High-Engagement,Tier 3 - High Engagement,High-Value,0.846,Gamified Mobile Engagement & Flash Social Drops,Mobile App Push / TikTok & Instagram Ads / SMS Alerts
CUST_0034,Female,52,54,90,30,200.5,138,14.7,62.5,0.24,20,7.1,6015.0,1,2,Young Enthusiasts & Trendsetters,Potential / High-Engagement,Tier 3 - High Engagement,High-Value,0.991,Gamified Mobile Engagement & Flash Social Drops,Mobile App Push / TikTok & Instagram Ads / SMS Alerts
CUST_0035,Female,69,58,85,30,235.95,140,16.4,59.8,0.33,14,11.1,7078.5,1,2,Young Enthusiasts & Trendsetters,Potential / High-Engagement,Tier 3 - High Engagement,High-Value,0.998,Gamified Mobile Engagement & Flash Social Drops,Mobile App Push / TikTok & Instagram Ads / SMS Alerts
CUST_0036,Female,32,80,53,20,228.62,249,20.7,59.5,0.72,15,3.4,4572.4,0,1,Young Enthusiasts & Trendsetters,Potential / High-Engagement,Tier 3 - High Engagement,Standard,0.002,High-Value Upselling & Premium Basket Conversion,Curated Email Lookbooks / Targeted Category Highlights
CUST_0037,Male,64,65,82,25,259.76,214,16.0,45.0,0.28,13,9.8,6494.0,1,2,Young Enthusiasts & Trendsetters,Potential / High-Engagement,Tier 3 - High Engagement,High-Value,0.919,Gamified Mobile Engagement & Flash Social Drops,Mobile App Push / TikTok & Instagram Ads / SMS Alerts
CUST_0038,Male,39,33,45,12,81.3,236,19.3,62.0,0.54,14,4.3,975.6,0,4,Frugal Budget Conscious,Budget Shoppers,Tier 4 - Cost Sensitive,Standard,0.001,Smart Value & Price-Sensitive Promotional Campaigns,Weekly Promotional Email / Discount Catalog SMS
CUST_0039,Female,31,72,32,20,158.79,221,13.9,41.4,0.41,9,4.5,3175.8,0,4,Frugal Budget Conscious,Budget Shoppers,Tier 4 - Cost Sensitive,Standard,0.001,High-Value Upselling & Premium Basket Conversion,Curated Email Lookbooks / Targeted Category Highlights
CUST_0040,Male,43,79,36,15,139.51,290,22.8,63.5,0.48,10,5.0,2092.65,0,4,Frugal Budget Conscious,Budget Shoppers,Tier 4 - Cost Sensitive,Standard,0.0,High-Value Upselling & Premium Basket Conversion,Curated Email Lookbooks / Targeted Category Highlights
CUST_0041,Male,45,78,81,27,196.13,200,15.7,49.2,0.63,23,7.2,5295.51,1,2,Young Enthusiasts & Trendsetters,Potential / High-Engagement,Tier 3 - High Engagement,High-Value,0.888,VIP Loyalty Concierge & Exclusive Retention,Dedicated Concierge / Private Invitation / SMS Preview
CUST_0042,Female,40,98,99,35,304.34,103,23.3,47.0,0.57,21,5.5,10651.9,1,1,Young Enthusiasts & Trendsetters,Potential / High-Engagement,Tier 3 - High Engagement,High-Value,0.998,VIP Loyalty Concierge & Exclusive Retention,Dedicated Concierge / Private Invitation / SMS Preview
CUST_0043,Male,31,88,60,24,220.17,191,17.8,49.2,0.29,13,3.0,5284.08,0,1,Young Enthusiasts & Trendsetters,Potential / High-Engagement,Tier 3 - High Engagement,Standard,0.019,High-Value Upselling & Premium Basket Conversion,Curated Email Lookbooks / Targeted Category Highlights
CUST_0044,Female,41,74,11,12,139.9,324,12.4,37.4,0.55,5,4.6,1678.8,0,4,Frugal Budget Conscious,Budget Shoppers,Tier 4 - Cost Sensitive,Standard,0.001,High-Value Upselling & Premium Basket Conversion,Curated Email Lookbooks / Targeted Category Highlights
CUST_0045,Male,19,58,63,21,197.93,230,17.9,47.0,0.68,17,2.1,4156.53,0,1,Young Enthusiasts & Trendsetters,Potential / High-Engagement,Tier 3 - High Engagement,Standard,0.002,Gamified Mobile Engagement & Flash Social Drops,Mobile App Push / TikTok & Instagram Ads / SMS Alerts
CUST_0046,Female,62,29,21,6,107.2,298,15.3,43.3,0.37,7,10.0,643.2,0,0,Frugal Budget Conscious,Budget Shoppers,Tier 4 - Cost Sensitive,Standard,0.001,Smart Value & Price-Sensitive Promotional Campaigns,Weekly Promotional Email / Discount Catalog SMS
CUST_0047,Male,43,73,52,16,195.0,242,20.4,59.2,0.55,12,6.6,3120.0,0,1,Young Enthusiasts & Trendsetters,Potential / High-Engagement,Tier 3 - High Engagement,Standard,0.0,High-Value Upselling & Premium Basket Conversion,Curated Email Lookbooks / Targeted Category Highlights
CUST_0048,Female,31,66,55,19,246.52,225,17.3,40.4,0.4,12,3.9,4683.88,0,1,Young Enthusiasts & Trendsetters,Potential / High-Engagement,Tier 3 - High Engagement,Standard,0.005,Gamified Mobile Engagement & Flash Social Drops,Mobile App Push / TikTok & Instagram Ads / SMS Alerts
CUST_0049,Female,68,68,26,11,153.65,296,18.9,45.2,0.32,2,9.0,1690.15,0,0,Frugal Budget Conscious,Budget Shoppers,Tier 4 - Cost Sensitive,Standard,0.0,Smart Value & Price-Sensitive Promotional Campaigns,Weekly Promotional Email / Discount Catalog SMS
CUST_0050,Male,24,34,68,20,197.0,212,17.9,67.8,0.73,17,3.0,3940.0,0,1,Young Enthusiasts & Trendsetters,Potential / High-Engagement,Tier 3 - High Engagement,Standard,0.003,Gamified Mobile Engagement & Flash Social Drops,Mobile App Push / TikTok & Instagram Ads / SMS Alerts
CUST_0051,Female,20,37,34,17,66.94,264,17.0,60.7,0.74,12,3.0,1137.98,0,4,Frugal Budget Conscious,Budget Shoppers,Tier 4 - Cost Sensitive,Standard,0.001,Smart Value & Price-Sensitive Promotional Campaigns,Weekly Promotional Email / Discount Catalog SMS
CUST_0052,Female,64,97,52,21,256.48,219,13.4,37.4,0.42,10,9.8,5386.08,0,3,Affluent VIP Spenders,Premium / High-Value,Tier 1 - Highest Value,Standard,0.017,VIP Loyalty Concierge & Exclusive Retention,Dedicated Concierge / Private Invitation / SMS Preview
CUST_0053,Female,40,59,82,26,214.57,179,21.9,55.0,0.34,19,4.8,5578.82,1,1,Young Enthusiasts & Trendsetters,Potential / High-Engagement,Tier 3 - High Engagement,High-Value,0.964,Gamified Mobile Engagement & Flash Social Drops,Mobile App Push / TikTok & Instagram Ads / SMS Alerts
CUST_0054,Female,63,82,99,33,238.79,82,17.1,51.7,0.18,24,9.4,7880.07,1,2,Young Enthusiasts & Trendsetters,Potential / High-Engagement,Tier 3 - High Engagement,High-Value,0.998,VIP Loyalty Concierge & Exclusive Retention,Dedicated Concierge / Private Invitation / SMS Preview
CUST_0055,Female,60,61,93,28,246.06,101,17.2,46.1,0.37,11,8.8,6889.68,1,2,Young Enthusiasts & Trendsetters,Potential / High-Engagement,Tier 3 - High Engagement,High-Value,0.991,Gamified Mobile Engagement & Flash Social Drops,Mobile App Push / TikTok & Instagram Ads / SMS Alerts
CUST_0056,Female,64,61,52,19,170.09,194,17.7,54.5,0.36,11,10.3,3231.71,0,2,Young Enthusiasts & Trendsetters,Potential / High-Engagement,Tier 3 - High Engagement,Standard,0.0,Gamified Mobile Engagement & Flash Social Drops,Mobile App Push / TikTok & Instagram Ads / SMS Alerts
CUST_0057,Male,62,92,29,18,199.18,316,14.7,39.0,0.33,6,9.9,3585.24,0,0,Frugal Budget Conscious,Budget Shoppers,Tier 4 - Cost Sensitive,Standard,0.001,High-Value Upselling & Premium Basket Conversion,Curated Email Lookbooks / Targeted Category Highlights
CUST_0058,Male,35,48,38,18,156.11,265,17.7,61.8,0.38,5,5.4,2809.98,0,4,Frugal Budget Conscious,Budget Shoppers,Tier 4 - Cost Sensitive,Standard,0.0,Smart Value & Price-Sensitive Promotional Campaigns,Weekly Promotional Email / Discount Catalog SMS
CUST_0059,Male,55,63,42,20,134.33,218,19.2,41.1,0.45,12,8.2,2686.6,0,0,Frugal Budget Conscious,Budget Shoppers,Tier 4 - Cost Sensitive,Standard,0.0,Smart Value & Price-Sensitive Promotional Campaigns,Weekly Promotional Email / Discount Catalog SMS
CUST_0060,Male,52,49,21,17,132.17,337,14.7,55.4,0.42,7,6.4,2246.89,0,0,Frugal Budget Conscious,Budget Shoppers,Tier 4 - Cost Sensitive,Standard,0.0,Smart Value & Price-Sensitive Promotional Campaigns,Weekly Promotional Email / Discount Catalog SMS
CUST_0061,Male,68,50,42,18,144.98,241,15.3,59.9,0.35,9,10.5,2609.64,0,0,Frugal Budget Conscious,Budget Shoppers,Tier 4 - Cost Sensitive,Standard,0.001,Smart Value & Price-Sensitive Promotional Campaigns,Weekly Promotional Email / Discount Catalog SMS
CUST_0062,Male,32,53,13,16,132.85,306,24.2,44.5,0.61,2,3.9,2125.6,0,4,Frugal Budget Conscious,Budget Shoppers,Tier 4 - Cost Sensitive,Standard,0.001,Smart Value & Price-Sensitive Promotional Campaigns,Weekly Promotional Email / Discount Catalog SMS
CUST_0063,Female,42,67,64,21,198.93,196,16.8,33.9,0.42,13,4.9,4177.53,0,1,Young Enthusiasts & Trendsetters,Potential / High-Engagement,Tier 3 - High Engagement,Standard,0.002,Gamified Mobile Engagement & Flash Social Drops,Mobile App Push / TikTok & Instagram Ads / SMS Alerts
CUST_0064,Male,54,49,17,16,96.46,365,16.7,41.7,0.32,2,7.1,1543.36,0,0,Frugal Budget Conscious,Budget Shoppers,Tier 4 - Cost Sensitive,Standard,0.0,Smart Value & Price-Sensitive Promotional Campaigns,Weekly Promotional Email / Discount Catalog SMS
CUST_0065,Male,45,106,9,11,178.86,330,11.6,45.9,0.61,11,7.1,1967.46,0,3,Affluent VIP Spenders,Premium / High-Value,Tier 1 - Highest Value,Standard,0.001,VIP Loyalty Concierge & Exclusive Retention,Dedicated Concierge / Private Invitation / SMS Preview
CUST_0066,Female,27,40,41,14,130.57,278,22.6,55.0,0.43,16,2.3,1827.98,0,4,Frugal Budget Conscious,Budget Shoppers,Tier 4 - Cost Sensitive,Standard,0.001,Smart Value & Price-Sensitive Promotional Campaigns,Weekly Promotional Email / Discount Catalog SMS
CUST_0067,Male,56,55,1,6,77.5,365,14.4,46.9,0.31,0,7.6,465.0,0,0,Frugal Budget Conscious,Budget Shoppers,Tier 4 - Cost Sensitive,Standard,0.001,Smart Value & Price-Sensitive Promotional Campaigns,Weekly Promotional Email / Discount Catalog SMS
CUST_0068,Female,34,50,2,5,74.93,365,18.8,41.9,0.69,1,4.4,374.65,0,4,Frugal Budget Conscious,Budget Shoppers,Tier 4 - Cost Sensitive,Standard,0.001,Smart Value & Price-Sensitive Promotional Campaigns,Weekly Promotional Email / Discount Catalog SMS
CUST_0069,Male,56,116,60,26,245.09,250,9.8,37.8,0.3,12,6.3,6372.34,0,3,Affluent VIP Spenders,Premium / High-Value,Tier 1 - Highest Value,Standard,0.446,VIP Loyalty Concierge & Exclusive Retention,Dedicated Concierge / Private Invitation / SMS Preview
CUST_0070,Female,39,66,48,17,168.86,221,21.6,33.3,0.46,15,4.2,2870.62,0,4,Frugal Budget Conscious,Budget Shoppers,Tier 4 - Cost Sensitive,Standard,0.001,Smart Value & Price-Sensitive Promotional Campaigns,Weekly Promotional Email / Discount Catalog SMS
CUST_0071,Female,43,96,29,19,207.03,260,22.0,44.2,0.39,3,6.7,3933.57,0,3,Affluent VIP Spenders,Premium / High-Value,Tier 1 - Highest Value,Standard,0.0,VIP Loyalty Concierge & Exclusive Retention,Dedicated Concierge / Private Invitation / SMS Preview
CUST_0072,Male,61,31,97,27,196.46,85,21.4,74.5,0.08,13,9.4,5304.42,1,2,Young Enthusiasts & Trendsetters,Potential / High-Engagement,Tier 3 - High Engagement,High-Value,0.882,Gamified Mobile Engagement & Flash Social Drops,Mobile App Push / TikTok & Instagram Ads / SMS Alerts
CUST_0073,Male,42,68,10,11,143.7,335,12.1,32.6,0.44,2,5.0,1580.7,0,4,Frugal Budget Conscious,Budget Shoppers,Tier 4 - Cost Sensitive,Standard,0.001,Smart Value & Price-Sensitive Promotional Campaigns,Weekly Promotional Email / Discount Catalog SMS
CUST_0074,Female,34,90,58,28,224.4,188,20.9,43.5,0.35,16,5.5,6283.2,1,1,Young Enthusiasts & Trendsetters,Potential / High-Engagement,Tier 3 - High Engagement,High-Value,0.992,High-Value Upselling & Premium Basket Conversion,Curated Email Lookbooks / Targeted Category Highlights
CUST_0075,Female,30,63,60,20,162.48,216,15.1,48.8,0.57,14,4.6,3249.6,0,1,Young Enthusiasts & Trendsetters,Potential / High-Engagement,Tier 3 - High Engagement,Standard,0.001,Gamified Mobile Engagement & Flash Social Drops,Mobile App Push / TikTok & Instagram Ads / SMS Alerts
CUST_0076,Female,37,97,21,17,194.93,314,12.6,39.3,0.65,7,4.6,3313.81,0,4,Frugal Budget Conscious,Budget Shoppers,Tier 4 - Cost Sensitive,Standard,0.001,High-Value Upselling & Premium Basket Conversion,Curated Email Lookbooks / Targeted Category Highlights
CUST_0077,Female,42,48,28,14,107.42,324,17.4,43.9,0.13,9,6.3,1503.88,0,4,Frugal Budget Conscious,Budget Shoppers,Tier 4 - Cost Sensitive,Standard,0.0,Smart Value & Price-Sensitive Promotional Campaigns,Weekly Promotional Email / Discount Catalog SMS
CUST_0078,Male,21,114,75,36,284.5,182,15.1,50.5,0.52,16,3.8,10242.0,1,3,Affluent VIP Spenders,Premium / High-Value,Tier 1 - Highest Value,High-Value,0.999,VIP Loyalty Concierge & Exclusive Retention,Dedicated Concierge / Private Invitation / SMS Preview
CUST_0079,Male,27,150,34,20,305.75,266,13.5,27.4,0.61,7,3.2,6115.0,0,3,Affluent VIP Spenders,Premium / High-Value,Tier 1 - Highest Value,Standard,0.024,VIP Loyalty Concierge & Exclusive Retention,Dedicated Concierge / Private Invitation / SMS Preview
CUST_0080,Male,20,51,8,10,72.12,357,23.9,23.2,0.26,12,1.5,721.2,0,4,Frugal Budget Conscious,Budget Shoppers,Tier 4 - Cost Sensitive,Standard,0.0,Smart Value & Price-Sensitive Promotional Campaigns,Weekly Promotional Email / Discount Catalog SMS
CUST_0081,Female,58,49,59,15,172.17,183,26.9,57.8,0.57,15,9.3,2582.55,0,2,Young Enthusiasts & Trendsetters,Potential / High-Engagement,Tier 3 - High Engagement,Standard,0.001,Gamified Mobile Engagement & Flash Social Drops,Mobile App Push / TikTok & Instagram Ads / SMS Alerts
CUST_0082,Female,62,116,86,30,307.82,144,11.2,52.7,0.4,15,8.9,9234.6,1,3,Affluent VIP Spenders,Premium / High-Value,Tier 1 - Highest Value,High-Value,0.998,VIP Loyalty Concierge & Exclusive Retention,Dedicated Concierge / Private Invitation / SMS Preview
CUST_0083,Male,35,123,72,30,312.02,191,13.6,31.2,0.66,17,3.4,9360.6,1,3,Affluent VIP Spenders,Premium / High-Value,Tier 1 - Highest Value,High-Value,0.998,VIP Loyalty Concierge & Exclusive Retention,Dedicated Concierge / Private Invitation / SMS Preview
CUST_0084,Male,64,48,49,22,169.49,244,19.5,55.7,0.25,12,9.1,3728.78,0,0,Frugal Budget Conscious,Budget Shoppers,Tier 4 - Cost Sensitive,Standard,0.0,Smart Value & Price-Sensitive Promotional Campaigns,Weekly Promotional Email / Discount Catalog SMS
CUST_0085,Male,53,50,79,22,205.63,176,17.3,72.7,0.33,15,7.3,4523.86,0,2,Young Enthusiasts & Trendsetters,Potential / High-Engagement,Tier 3 - High Engagement,Standard,0.002,Gamified Mobile Engagement & Flash Social Drops,Mobile App Push / TikTok & Instagram Ads / SMS Alerts
CUST_0086,Male,64,53,17,12,104.59,302,20.3,45.9,0.31,2,10.0,1255.08,0,0,Frugal Budget Conscious,Budget Shoppers,Tier 4 - Cost Sensitive,Standard,0.0,Smart Value & Price-Sensitive Promotional Campaigns,Weekly Promotional Email / Discount Catalog SMS
CUST_0087,Female,39,33,60,19,156.13,246,23.1,67.1,0.8,14,5.2,2966.47,0,1,Young Enthusiasts & Trendsetters,Potential / High-Engagement,Tier 3 - High Engagement,Standard,0.001,Gamified Mobile Engagement & Flash Social Drops,Mobile App Push / TikTok & Instagram Ads / SMS Alerts
CUST_0088,Female,51,40,87,22,224.25,197,22.2,58.3,0.61,20,6.2,4933.5,0,2,Young Enthusiasts & Trendsetters,Potential / High-Engagement,Tier 3 - High Engagement,Standard,0.032,Gamified Mobile Engagement & Flash Social Drops,Mobile App Push / TikTok & Instagram Ads / SMS Alerts
CUST_0089,Female,64,38,88,27,195.53,92,21.7,62.3,0.35,14,9.4,5279.31,1,2,Young Enthusiasts & Trendsetters,Potential / High-Engagement,Tier 3 - High Engagement,High-Value,0.944,Gamified Mobile Engagement & Flash Social Drops,Mobile App Push / TikTok & Instagram Ads / SMS Alerts
CUST_0090,Female,25,43,45,21,133.64,214,25.7,51.1,0.6,11,3.2,2806.44,0,4,Frugal Budget Conscious,Budget Shoppers,Tier 4 - Cost Sensitive,Standard,0.001,Smart Value & Price-Sensitive Promotional Campaigns,Weekly Promotional Email / Discount Catalog SMS
CUST_0091,Male,57,59,83,24,227.45,154,12.2,53.7,0.47,15,7.0,5458.8,0,2,Young Enthusiasts & Trendsetters,Potential / High-Engagement,Tier 3 - High Engagement,Standard,0.144,Gamified Mobile Engagement & Flash Social Drops,Mobile App Push / TikTok & Instagram Ads / SMS Alerts
CUST_0092,Female,66,67,69,24,211.31,181,24.2,51.1,0.68,13,9.4,5071.44,0,2,Young Enthusiasts & Trendsetters,Potential / High-Engagement,Tier 3 - High Engagement,Standard,0.006,Gamified Mobile Engagement & Flash Social Drops,Mobile App Push / TikTok & Instagram Ads / SMS Alerts
CUST_0093,Female,61,121,32,16,208.28,340,14.8,19.8,0.41,8,9.4,3332.48,0,3,Affluent VIP Spenders,Premium / High-Value,Tier 1 - Highest Value,Standard,0.001,VIP Loyalty Concierge & Exclusive Retention,Dedicated Concierge / Private Invitation / SMS Preview
CUST_0094,Female,36,39,44,14,136.34,259,22.3,50.8,0.5,13,3.3,1908.76,0,4,Frugal Budget Conscious,Budget Shoppers,Tier 4 - Cost Sensitive,Standard,0.001,Smart Value & Price-Sensitive Promotional Campaigns,Weekly Promotional Email / Discount Catalog SMS
CUST_0095,Female,59,94,65,29,217.6,241,13.2,56.1,0.31,9,8.5,6310.4,0,2,Young Enthusiasts & Trendsetters,Potential / High-Engagement,Tier 3 - High Engagement,Standard,0.035,VIP Loyalty Concierge & Exclusive Retention,Dedicated Concierge / Private Invitation / SMS Preview
CUST_0096,Female,58,55,87,27,227.25,81,15.0,50.8,0.4,17,7.5,6135.75,1,2,Young Enthusiasts & Trendsetters,Potential / High-Engagement,Tier 3 - High Engagement,High-Value,0.995,Gamified Mobile Engagement & Flash Social Drops,Mobile App Push / TikTok & Instagram Ads / SMS Alerts
CUST_0097,Female,54,59,8,12,91.24,365,21.2,33.3,0.3,4,6.8,1094.88,0,0,Frugal Budget Conscious,Budget Shoppers,Tier 4 - Cost Sensitive,Standard,0.0,Smart Value & Price-Sensitive Promotional Campaigns,Weekly Promotional Email / Discount Catalog SMS
CUST_0098,Male,23,82,77,31,245.5,147,10.1,51.0,0.64,16,2.4,7610.5,1,1,Young Enthusiasts & Trendsetters,Potential / High-Engagement,Tier 3 - High Engagement,High-Value,0.998,VIP Loyalty Concierge & Exclusive Retention,Dedicated Concierge / Private Invitation / SMS Preview
CUST_0099,Male,69,36,72,21,176.92,159,23.3,60.6,0.09,13,9.2,3715.32,0,2,Young Enthusiasts & Trendsetters,Potential / High-Engagement,Tier 3 - High Engagement,Standard,0.002,Gamified Mobile Engagement & Flash Social Drops,Mobile App Push / TikTok & Instagram Ads / SMS Alerts
CUST_0100,Male,43,72,87,27,294.02,135,23.1,57.8,0.42,16,6.7,7938.54,1,1,Young Enthusiasts & Trendsetters,Potential / High-Engagement,Tier 3 - High Engagement,High-Value,0.994,VIP Loyalty Concierge & Exclusive Retention,Dedicated Concierge / Private Invitation / SMS Preview
CUST_0101,Male,51,65,43,15,183.43,212,19.0,46.6,0.52,4,6.3,2751.45,0,0,Frugal Budget Conscious,Budget Shoppers,Tier 4 - Cost Sensitive,Standard,0.0,Smart Value & Price-Sensitive Promotional Campaigns,Weekly Promotional Email / Discount Catalog SMS
CUST_0102,Female,62,75,1,5,147.68,365,18.6,37.4,0.4,0,9.3,738.4,0,0,Frugal Budget Conscious,Budget Shoppers,Tier 4 - Cost Sensitive,Standard,0.0,High-Value Upselling & Premium Basket Conversion,Curated Email Lookbooks / Targeted Category Highlights
CUST_0103,Male,23,69,51,21,223.93,240,14.9,45.4,0.5,14,1.5,4702.53,0,1,Young Enthusiasts & Trendsetters,Potential / High-Engagement,Tier 3 - High Engagement,Standard,0.004,Gamified Mobile Engagement & Flash Social Drops,Mobile App Push / TikTok & Instagram Ads / SMS Alerts
CUST_0104,Female,54,150,24,19,275.79,312,18.2,14.6,0.36,8,8.8,5240.01,0,3,Affluent VIP Spenders,Premium / High-Value,Tier 1 - Highest Value,Standard,0.009,VIP Loyalty Concierge & Exclusive Retention,Dedicated Concierge / Private Invitation / SMS Preview
CUST_0105,Female,50,45,99,28,228.66,139,20.4,62.6,0.57,15,7.2,6402.48,1,2,Young Enthusiasts & Trendsetters,Potential / High-Engagement,Tier 3 - High Engagement,High-Value,0.996,Gamified Mobile Engagement & Flash Social Drops,Mobile App Push / TikTok & Instagram Ads / SMS Alerts
CUST_0106,Male,70,48,24,7,93.55,349,15.2,53.3,0.12,3,10.4,654.85,0,0,Frugal Budget Conscious,Budget Shoppers,Tier 4 - Cost Sensitive,Standard,0.001,Smart Value & Price-Sensitive Promotional Campaigns,Weekly Promotional Email / Discount Catalog SMS
CUST_0107,Male,39,46,17,10,99.09,311,17.4,50.6,0.3,3,4.5,990.9,0,4,Frugal Budget Conscious,Budget Shoppers,Tier 4 - Cost Sensitive,Standard,0.0,Smart Value & Price-Sensitive Promotional Campaigns,Weekly Promotional Email / Discount Catalog SMS
CUST_0108,Female,38,47,5,5,70.45,365,18.3,29.9,0.34,8,4.7,352.25,0,4,Frugal Budget Conscious,Budget Shoppers,Tier 4 - Cost Sensitive,Standard,0.0,Smart Value & Price-Sensitive Promotional Campaigns,Weekly Promotional Email / Discount Catalog SMS
CUST_0109,Male,23,45,20,10,96.42,323,17.4,49.3,0.57,15,1.9,964.2,0,4,Frugal Budget Conscious,Budget Shoppers,Tier 4 - Cost Sensitive,Standard,0.001,Smart Value & Price-Sensitive Promotional Campaigns,Weekly Promotional Email / Discount Catalog SMS
CUST_0110,Male,23,103,21,16,229.28,323,11.6,27.5,0.37,15,4.0,3668.48,0,4,Frugal Budget Conscious,Budget Shoppers,Tier 4 - Cost Sensitive,Standard,0.006,High-Value Upselling & Premium Basket Conversion,Curated Email Lookbooks / Targeted Category Highlights
CUST_0111,Male,65,114,58,17,265.96,229,19.5,50.7,0.47,12,9.0,4521.32,0,3,Affluent VIP Spenders,Premium / High-Value,Tier 1 - Highest Value,Standard,0.015,VIP Loyalty Concierge & Exclusive Retention,Dedicated Concierge / Private Invitation / SMS Preview
CUST_0112,Male,21,47,31,9,106.39,334,18.0,51.7,0.44,14,2.8,957.51,0,4,Frugal Budget Conscious,Budget Shoppers,Tier 4 - Cost Sensitive,Standard,0.001,Smart Value & Price-Sensitive Promotional Campaigns,Weekly Promotional Email / Discount Catalog SMS
CUST_0113,Female,47,41,11,15,112.51,323,19.2,53.6,0.47,0,7.1,1687.65,0,0,Frugal Budget Conscious,Budget Shoppers,Tier 4 - Cost Sensitive,Standard,0.0,Smart Value & Price-Sensitive Promotional Campaigns,Weekly Promotional Email / Discount Catalog SMS
CUST_0114,Female,28,75,52,19,215.99,186,15.7,47.2,0.45,14,3.1,4103.81,0,1,Young Enthusiasts & Trendsetters,Potential / High-Engagement,Tier 3 - High Engagement,Standard,0.004,High-Value Upselling & Premium Basket Conversion,Curated Email Lookbooks / Targeted Category Highlights
CUST_0115,Female,47,47,15,2,120.06,306,20.8,45.4,0.42,4,7.0,240.12,0,0,Frugal Budget Conscious,Budget Shoppers,Tier 4 - Cost Sensitive,Standard,0.0,Smart Value & Price-Sensitive Promotional Campaigns,Weekly Promotional Email / Discount Catalog SMS
CUST_0116,Female,48,80,83,24,210.67,176,18.6,64.1,0.19,18,7.0,5056.08,0,2,Young Enthusiasts & Trendsetters,Potential / High-Engagement,Tier 3 - High Engagement,Standard,0.075,VIP Loyalty Concierge & Exclusive Retention,Dedicated Concierge / Private Invitation / SMS Preview
CUST_0117,Female,41,66,7,16,155.03,348,23.2,47.8,0.62,0,6.1,2480.48,0,4,Frugal Budget Conscious,Budget Shoppers,Tier 4 - Cost Sensitive,Standard,0.0,Smart Value & Price-Sensitive Promotional Campaigns,Weekly Promotional Email / Discount Catalog SMS
CUST_0118,Male,26,31,28,9,84.53,279,21.4,53.0,0.41,11,3.2,760.77,0,4,Frugal Budget Conscious,Budget Shoppers,Tier 4 - Cost Sensitive,Standard,0.0,Smart Value & Price-Sensitive Promotional Campaigns,Weekly Promotional Email / Discount Catalog SMS
CUST_0119,Female,20,121,51,27,279.1,202,15.7,35.0,0.43,14,1.9,7535.7,1,3,Affluent VIP Spenders,Premium / High-Value,Tier 1 - Highest Value,High-Value,0.992,VIP Loyalty Concierge & Exclusive Retention,Dedicated Concierge / Private Invitation / SMS Preview
CUST_0120,Female,68,135,58,27,345.25,223,13.0,21.3,0.67,12,8.7,9321.75,1,3,Affluent VIP Spenders,Premium / High-Value,Tier 1 - Highest Value,High-Value,0.919,VIP Loyalty Concierge & Exclusive Retention,Dedicated Concierge / Private Invitation / SMS Preview
CUST_0121,Female,48,46,5,5,126.53,365,22.4,46.7,0.51,9,7.5,632.65,0,0,Frugal Budget Conscious,Budget Shoppers,Tier 4 - Cost Sensitive,Standard,0.0,Smart Value & Price-Sensitive Promotional Campaigns,Weekly Promotional Email / Discount Catalog SMS
CUST_0122,Female,57,51,5,9,71.28,361,17.7,42.0,0.52,0,8.2,641.52,0,0,Frugal Budget Conscious,Budget Shoppers,Tier 4 - Cost Sensitive,Standard,0.0,Smart Value & Price-Sensitive Promotional Campaigns,Weekly Promotional Email / Discount Catalog SMS
CUST_0123,Male,54,69,94,23,222.11,117,17.5,61.2,0.46,14,7.2,5108.53,0,2,Young Enthusiasts & Trendsetters,Potential / High-Engagement,Tier 3 - High Engagement,Standard,0.474,Gamified Mobile Engagement & Flash Social Drops,Mobile App Push / TikTok & Instagram Ads / SMS Alerts
CUST_0124,Male,53,70,96,27,284.09,124,17.5,63.8,0.33,18,8.6,7670.43,1,2,Young Enthusiasts & Trendsetters,Potential / High-Engagement,Tier 3 - High Engagement,High-Value,0.996,VIP Loyalty Concierge & Exclusive Retention,Dedicated Concierge / Private Invitation / SMS Preview
CUST_0125,Male,41,81,8,8,142.62,349,16.2,46.8,0.27,11,4.1,1140.96,0,4,Frugal Budget Conscious,Budget Shoppers,Tier 4 - Cost Sensitive,Standard,0.001,High-Value Upselling & Premium Basket Conversion,Curated Email Lookbooks / Targeted Category Highlights
CUST_0126,Male,48,149,64,25,314.5,207,14.9,35.7,0.38,13,7.6,7862.5,1,3,Affluent VIP Spenders,Premium / High-Value,Tier 1 - Highest Value,High-Value,0.885,VIP Loyalty Concierge & Exclusive Retention,Dedicated Concierge / Private Invitation / SMS Preview
CUST_0127,Female,23,56,10,7,118.17,304,26.3,34.5,0.42,4,4.2,827.19,0,4,Frugal Budget Conscious,Budget Shoppers,Tier 4 - Cost Sensitive,Standard,0.0,Smart Value & Price-Sensitive Promotional Campaigns,Weekly Promotional Email / Discount Catalog SMS
CUST_0128,Female,19,42,38,17,123.74,274,14.9,34.4,0.45,11,3.3,2103.58,0,4,Frugal Budget Conscious,Budget Shoppers,Tier 4 - Cost Sensitive,Standard,0.001,Smart Value & Price-Sensitive Promotional Campaigns,Weekly Promotional Email / Discount Catalog SMS
CUST_0129,Male,37,32,96,29,213.21,107,16.2,58.8,0.25,20,5.8,6183.09,1,1,Young Enthusiasts & Trendsetters,Potential / High-Engagement,Tier 3 - High Engagement,High-Value,0.997,Gamified Mobile Engagement & Flash Social Drops,Mobile App Push / TikTok & Instagram Ads / SMS Alerts
CUST_0130,Female,45,43,92,32,210.82,161,24.6,72.8,0.46,18,5.7,6746.24,1,2,Young Enthusiasts & Trendsetters,Potential / High-Engagement,Tier 3 - High Engagement,High-Value,0.995,Gamified Mobile Engagement & Flash Social Drops,Mobile App Push / TikTok & Instagram Ads / SMS Alerts
CUST_0131,Male,28,59,81,27,231.13,162,17.0,71.0,0.78,16,2.7,6240.51,1,1,Young Enthusiasts & Trendsetters,Potential / High-Engagement,Tier 3 - High Engagement,High-Value,0.986,Gamified Mobile Engagement & Flash Social Drops,Mobile App Push / TikTok & Instagram Ads / SMS Alerts
CUST_0132,Male,21,135,95,39,332.39,147,14.2,40.4,0.66,19,3.2,12963.21,1,3,Affluent VIP Spenders,Premium / High-Value,Tier 1 - Highest Value,High-Value,0.999,VIP Loyalty Concierge & Exclusive Retention,Dedicated Concierge / Private Invitation / SMS Preview
CUST_0133,Male,32,48,8,7,119.38,336,23.0,32.6,0.5,4,3.5,835.66,0,4,Frugal Budget Conscious,Budget Shoppers,Tier 4 - Cost Sensitive,Standard,0.0,Smart Value & Price-Sensitive Promotional Campaigns,Weekly Promotional Email / Discount Catalog SMS
CUST_0134,Male,23,67,25,11,158.49,293,12.6,38.3,0.56,14,1.8,1743.39,0,4,Frugal Budget Conscious,Budget Shoppers,Tier 4 - Cost Sensitive,Standard,0.001,Smart Value & Price-Sensitive Promotional Campaigns,Weekly Promotional Email / Discount Catalog SMS
CUST_0135,Female,66,60,73,29,219.09,223,21.8,63.7,0.0,9,10.1,6353.61,0,2,Young Enthusiasts & Trendsetters,Potential / High-Engagement,Tier 3 - High Engagement,Standard,0.041,Gamified Mobile Engagement & Flash Social Drops,Mobile App Push / TikTok & Instagram Ads / SMS Alerts
CUST_0136,Male,47,103,66,24,237.02,209,17.2,38.9,0.37,12,5.8,5688.48,0,3,Affluent VIP Spenders,Premium / High-Value,Tier 1 - Highest Value,Standard,0.005,VIP Loyalty Concierge & Exclusive Retention,Dedicated Concierge / Private Invitation / SMS Preview
CUST_0137,Female,55,150,79,34,382.49,142,17.4,40.5,0.17,13,8.8,13004.66,1,3,Affluent VIP Spenders,Premium / High-Value,Tier 1 - Highest Value,High-Value,0.998,VIP Loyalty Concierge & Exclusive Retention,Dedicated Concierge / Private Invitation / SMS Preview
CUST_0138,Female,68,48,50,20,153.61,264,20.7,54.0,0.33,3,10.5,3072.2,0,0,Frugal Budget Conscious,Budget Shoppers,Tier 4 - Cost Sensitive,Standard,0.0,Smart Value & Price-Sensitive Promotional Campaigns,Weekly Promotional Email / Discount Catalog SMS
CUST_0139,Male,19,48,67,25,193.95,178,16.4,61.7,0.55,15,3.2,4848.75,0,1,Young Enthusiasts & Trendsetters,Potential / High-Engagement,Tier 3 - High Engagement,Standard,0.014,Gamified Mobile Engagement & Flash Social Drops,Mobile App Push / TikTok & Instagram Ads / SMS Alerts
CUST_0140,Female,32,97,49,18,218.52,247,21.5,56.1,0.39,16,4.9,3933.36,0,3,Affluent VIP Spenders,Premium / High-Value,Tier 1 - Highest Value,Standard,0.002,VIP Loyalty Concierge & Exclusive Retention,Dedicated Concierge / Private Invitation / SMS Preview
CUST_0141,Female,28,82,36,20,188.48,328,15.6,47.0,0.56,8,4.6,3769.6,0,4,Frugal Budget Conscious,Budget Shoppers,Tier 4 - Cost Sensitive,Standard,0.001,High-Value Upselling & Premium Basket Conversion,Curated Email Lookbooks / Targeted Category Highlights
CUST_0142,Male,25,139,68,26,321.65,148,17.5,37.2,0.57,14,4.0,8362.9,1,3,Affluent VIP Spenders,Premium / High-Value,Tier 1 - Highest Value,High-Value,0.983,VIP Loyalty Concierge & Exclusive Retention,Dedicated Concierge / Private Invitation / SMS Preview
CUST_0143,Female,43,78,78,30,183.93,160,22.9,67.0,0.68,12,6.1,5517.9,0,1,Young Enthusiasts & Trendsetters,Potential / High-Engagement,Tier 3 - High Engagement,Standard,0.051,VIP Loyalty Concierge & Exclusive Retention,Dedicated Concierge / Private Invitation / SMS Preview
CUST_0144,Male,68,51,41,18,156.48,272,24.3,53.0,0.41,6,8.9,2816.64,0,0,Frugal Budget Conscious,Budget Shoppers,Tier 4 - Cost Sensitive,Standard,0.0,Smart Value & Price-Sensitive Promotional Campaigns,Weekly Promotional Email / Discount Catalog SMS
CUST_0145,Male,62,79,89,32,297.62,161,16.8,47.2,0.38,20,9.8,9523.84,1,2,Young Enthusiasts & Trendsetters,Potential / High-Engagement,Tier 3 - High Engagement,High-Value,0.999,VIP Loyalty Concierge & Exclusive Retention,Dedicated Concierge / Private Invitation / SMS Preview
CUST_0146,Male,61,99,62,21,258.24,169,19.1,49.2,0.21,10,9.5,5423.04,0,3,Affluent VIP Spenders,Premium / High-Value,Tier 1 - Highest Value,Standard,0.047,VIP Loyalty Concierge & Exclusive Retention,Dedicated Concierge / Private Invitation / SMS Preview
CUST_0147,Female,22,87,10,13,132.51,293,16.2,39.6,0.41,9,2.5,1722.63,0,4,Frugal Budget Conscious,Budget Shoppers,Tier 4 - Cost Sensitive,Standard,0.001,High-Value Upselling & Premium Basket Conversion,Curated Email Lookbooks / Targeted Category Highlights
CUST_0148,Female,23,76,21,16,164.87,344,28.0,38.2,0.66,7,1.4,2637.92,0,4,Frugal Budget Conscious,Budget Shoppers,Tier 4 - Cost Sensitive,Standard,0.001,High-Value Upselling & Premium Basket Conversion,Curated Email Lookbooks / Targeted Category Highlights
CUST_0149,Male,43,98,36,19,228.15,251,20.4,34.6,0.42,9,6.2,4334.85,0,3,Affluent VIP Spenders,Premium / High-Value,Tier 1 - Highest Value,Standard,0.001,VIP Loyalty Concierge & Exclusive Retention,Dedicated Concierge / Private Invitation / SMS Preview
CUST_0150,Male,21,102,12,10,187.14,311,17.4,30.7,0.62,12,1.1,1871.4,0,4,Frugal Budget Conscious,Budget Shoppers,Tier 4 - Cost Sensitive,Standard,0.001,High-Value Upselling & Premium Basket Conversion,Curated Email Lookbooks / Targeted Category Highlights
CUST_0151,Female,36,112,91,36,308.72,179,18.0,42.4,0.64,19,6.0,11113.92,1,3,Affluent VIP Spenders,Premium / High-Value,Tier 1 - Highest Value,High-Value,0.999,VIP Loyalty Concierge & Exclusive Retention,Dedicated Concierge / Private Invitation / SMS Preview
CUST_0152,Male,37,81,2,9,125.93,362,19.4,33.6,0.26,11,6.2,1133.37,0,4,Frugal Budget Conscious,Budget Shoppers,Tier 4 - Cost Sensitive,Standard,0.0,High-Value Upselling & Premium Basket Conversion,Curated Email Lookbooks / Targeted Category Highlights
CUST_0153,Male,50,56,13,4,105.31,334,20.4,36.7,0.62,9,5.9,421.24,0,0,Frugal Budget Conscious,Budget Shoppers,Tier 4 - Cost Sensitive,Standard,0.0,Smart Value & Price-Sensitive Promotional Campaigns,Weekly Promotional Email / Discount Catalog SMS
CUST_0154,Female,37,64,53,17,196.05,224,17.4,52.8,0.63,12,5.4,3332.85,0,1,Young Enthusiasts & Trendsetters,Potential / High-Engagement,Tier 3 - High Engagement,Standard,0.001,Gamified Mobile Engagement & Flash Social Drops,Mobile App Push / TikTok & Instagram Ads / SMS Alerts
CUST_0155,Female,66,104,32,16,181.71,247,15.5,39.1,0.01,5,8.0,2907.36,0,3,Affluent VIP Spenders,Premium / High-Value,Tier 1 - Highest Value,Standard,0.001,VIP Loyalty Concierge & Exclusive Retention,Dedicated Concierge / Private Invitation / SMS Preview
CUST_0156,Male,29,42,95,33,205.06,143,18.5,65.8,0.89,25,4.3,6766.98,1,1,Young Enthusiasts & Trendsetters,Potential / High-Engagement,Tier 3 - High Engagement,High-Value,0.998,Gamified Mobile Engagement & Flash Social Drops,Mobile App Push / TikTok & Instagram Ads / SMS Alerts
CUST_0157,Female,64,71,16,15,168.88,336,13.6,40.3,0.38,4,8.4,2533.2,0,0,Frugal Budget Conscious,Budget Shoppers,Tier 4 - Cost Sensitive,Standard,0.001,High-Value Upselling & Premium Basket Conversion,Curated Email Lookbooks / Targeted Category Highlights
CUST_0158,Female,18,51,32,18,164.02,288,21.7,47.0,0.53,16,2.5,2952.36,0,4,Frugal Budget Conscious,Budget Shoppers,Tier 4 - Cost Sensitive,Standard,0.001,Smart Value & Price-Sensitive Promotional Campaigns,Weekly Promotional Email / Discount Catalog SMS
CUST_0159,Male,43,61,32,15,116.59,280,15.3,57.7,0.53,15,5.4,1748.85,0,4,Frugal Budget Conscious,Budget Shoppers,Tier 4 - Cost Sensitive,Standard,0.001,Smart Value & Price-Sensitive Promotional Campaigns,Weekly Promotional Email / Discount Catalog SMS
CUST_0160,Female,31,107,98,37,290.67,106,12.7,49.7,0.38,20,2.9,10754.79,1,1,Young Enthusiasts & Trendsetters,Potential / High-Engagement,Tier 3 - High Engagement,High-Value,0.999,VIP Loyalty Concierge & Exclusive Retention,Dedicated Concierge / Private Invitation / SMS Preview
CUST_0161,Male,55,66,11,6,116.64,364,18.2,51.0,0.47,5,7.3,699.84,0,0,Frugal Budget Conscious,Budget Shoppers,Tier 4 - Cost Sensitive,Standard,0.0,Smart Value & Price-Sensitive Promotional Campaigns,Weekly Promotional Email / Discount Catalog SMS
CUST_0162,Female,54,62,10,9,132.48,335,17.9,33.6,0.27,7,6.2,1192.32,0,0,Frugal Budget Conscious,Budget Shoppers,Tier 4 - Cost Sensitive,Standard,0.0,Smart Value & Price-Sensitive Promotional Campaigns,Weekly Promotional Email / Discount Catalog SMS
CUST_0163,Female,28,33,15,9,42.62,325,20.4,53.7,0.84,11,3.7,383.58,0,4,Frugal Budget Conscious,Budget Shoppers,Tier 4 - Cost Sensitive,Standard,0.001,Smart Value & Price-Sensitive Promotional Campaigns,Weekly Promotional Email / Discount Catalog SMS
CUST_0164,Female,53,84,17,9,156.63,337,15.4,32.2,0.41,7,5.9,1409.67,0,0,Frugal Budget Conscious,Budget Shoppers,Tier 4 - Cost Sensitive,Standard,0.001,High-Value Upselling & Premium Basket Conversion,Curated Email Lookbooks / Targeted Category Highlights
CUST_0165,Male,30,81,40,19,178.29,269,16.2,38.9,0.63,8,3.9,3387.51,0,4,Frugal Budget Conscious,Budget Shoppers,Tier 4 - Cost Sensitive,Standard,0.001,High-Value Upselling & Premium Basket Conversion,Curated Email Lookbooks / Targeted Category Highlights
CUST_0166,Female,60,150,18,23,283.52,365,18.3,20.3,0.24,2,9.5,6520.96,0,3,Affluent VIP Spenders,Premium / High-Value,Tier 1 - Highest Value,Standard,0.046,VIP Loyalty Concierge & Exclusive Retention,Dedicated Concierge / Private Invitation / SMS Preview
CUST_0167,Male,20,53,55,21,135.26,172,21.3,48.8,0.71,14,3.3,2840.46,0,1,Young Enthusiasts & Trendsetters,Potential / High-Engagement,Tier 3 - High Engagement,Standard,0.001,Gamified Mobile Engagement & Flash Social Drops,Mobile App Push / TikTok & Instagram Ads / SMS Alerts
CUST_0168,Male,50,67,73,28,218.39,187,20.6,49.3,0.41,17,7.9,6114.92,1,2,Young Enthusiasts & Trendsetters,Potential / High-Engagement,Tier 3 - High Engagement,High-Value,0.97,Gamified Mobile Engagement & Flash Social Drops,Mobile App Push / TikTok & Instagram Ads / SMS Alerts
CUST_0169,Male,23,68,25,6,138.15,280,18.4,53.0,0.36,7,4.0,828.9,0,4,Frugal Budget Conscious,Budget Shoppers,Tier 4 - Cost Sensitive,Standard,0.0,Smart Value & Price-Sensitive Promotional Campaigns,Weekly Promotional Email / Discount Catalog SMS
CUST_0170,Female,67,123,59,30,307.9,186,17.1,38.2,0.28,14,8.2,9237.0,1,3,Affluent VIP Spenders,Premium / High-Value,Tier 1 - Highest Value,High-Value,0.997,VIP Loyalty Concierge & Exclusive Retention,Dedicated Concierge / Private Invitation / SMS Preview
CUST_0171,Female,27,58,78,25,222.66,152,19.5,57.8,0.84,20,2.2,5566.5,1,1,Young Enthusiasts & Trendsetters,Potential / High-Engagement,Tier 3 - High Engagement,High-Value,0.942,Gamified Mobile Engagement & Flash Social Drops,Mobile App Push / TikTok & Instagram Ads / SMS Alerts
CUST_0172,Male,22,68,89,27,230.3,139,15.6,52.4,0.7,24,2.8,6218.1,1,1,Young Enthusiasts & Trendsetters,Potential / High-Engagement,Tier 3 - High Engagement,High-Value,0.996,Gamified Mobile Engagement & Flash Social Drops,Mobile App Push / TikTok & Instagram Ads / SMS Alerts
CUST_0173,Female,40,79,22,13,174.88,312,23.8,47.0,0.41,5,6.5,2273.44,0,4,Frugal Budget Conscious,Budget Shoppers,Tier 4 - Cost Sensitive,Standard,0.0,High-Value Upselling & Premium Basket Conversion,Curated Email Lookbooks / Targeted Category Highlights
CUST_0174,Male,27,66,30,10,142.78,243,23.6,47.5,0.27,11,4.8,1427.8,0,4,Frugal Budget Conscious,Budget Shoppers,Tier 4 - Cost Sensitive,Standard,0.0,Smart Value & Price-Sensitive Promotional Campaigns,Weekly Promotional Email / Discount Catalog SMS
CUST_0175,Female,61,49,84,30,226.36,134,22.0,56.8,0.23,15,7.1,6790.8,1,2,Young Enthusiasts & Trendsetters,Potential / High-Engagement,Tier 3 - High Engagement,High-Value,0.997,Gamified Mobile Engagement & Flash Social Drops,Mobile App Push / TikTok & Instagram Ads / SMS Alerts
CUST_0176,Male,19,66,85,27,228.31,156,16.6,43.0,0.38,21,1.7,6164.37,1,1,Young Enthusiasts & Trendsetters,Potential / High-Engagement,Tier 3 - High Engagement,High-Value,0.997,Gamified Mobile Engagement & Flash Social Drops,Mobile App Push / TikTok & Instagram Ads / SMS Alerts
CUST_0177,Female,30,98,44,18,240.06,226,19.4,42.1,0.25,13,2.9,4321.08,0,3,Affluent VIP Spenders,Premium / High-Value,Tier 1 - Highest Value,Standard,0.003,VIP Loyalty Concierge & Exclusive Retention,Dedicated Concierge / Private Invitation / SMS Preview
CUST_0178,Male,57,38,32,12,120.8,250,23.1,55.9,0.49,6,8.6,1449.6,0,0,Frugal Budget Conscious,Budget Shoppers,Tier 4 - Cost Sensitive,Standard,0.0,Smart Value & Price-Sensitive Promotional Campaigns,Weekly Promotional Email / Discount Catalog SMS
CUST_0179,Female,19,64,51,23,244.3,167,13.5,41.5,0.6,15,2.6,5618.9,0,1,Young Enthusiasts & Trendsetters,Potential / High-Engagement,Tier 3 - High Engagement,Standard,0.146,Gamified Mobile Engagement & Flash Social Drops,Mobile App Push / TikTok & Instagram Ads / SMS Alerts
CUST_0180,Male,37,44,46,17,140.91,228,25.8,50.4,0.76,15,3.7,2395.47,0,4,Frugal Budget Conscious,Budget Shoppers,Tier 4 - Cost Sensitive,Standard,0.001,Smart Value & Price-Sensitive Promotional Campaigns,Weekly Promotional Email / Discount Catalog SMS
CUST_0181,Male,18,103,21,11,199.53,277,10.1,38.9,0.45,7,2.0,2194.83,0,4,Frugal Budget Conscious,Budget Shoppers,Tier 4 - Cost Sensitive,Standard,0.001,High-Value Upselling & Premium Basket Conversion,Curated Email Lookbooks / Targeted Category Highlights
CUST_0182,Male,54,30,99,30,191.13,83,22.3,53.9,0.39,22,8.0,5733.9,1,2,Young Enthusiasts & Trendsetters,Potential / High-Engagement,Tier 3 - High Engagement,High-Value,0.986,Gamified Mobile Engagement & Flash Social Drops,Mobile App Push / TikTok & Instagram Ads / SMS Alerts
CUST_0183,Female,26,47,32,11,125.46,275,24.7,44.1,0.34,14,4.0,1380.06,0,4,Frugal Budget Conscious,Budget Shoppers,Tier 4 - Cost Sensitive,Standard,0.001,Smart Value & Price-Sensitive Promotional Campaigns,Weekly Promotional Email / Discount Catalog SMS
CUST_0184,Female,34,72,94,24,201.41,107,17.6,59.1,0.42,16,3.0,4833.84,0,1,Young Enthusiasts & Trendsetters,Potential / High-Engagement,Tier 3 - High Engagement,Standard,0.033,VIP Loyalty Concierge & Exclusive Retention,Dedicated Concierge / Private Invitation / SMS Preview
CUST_0185,Male,26,122,39,25,256.33,230,15.8,42.9,0.52,13,4.4,6408.25,0,3,Affluent VIP Spenders,Premium / High-Value,Tier 1 - Highest Value,High-Value,0.548,VIP Loyalty Concierge & Exclusive Retention,Dedicated Concierge / Private Invitation / SMS Preview
CUST_0186,Female,28,59,12,11,140.04,271,21.2,60.1,0.48,11,3.7,1540.44,0,4,Frugal Budget Conscious,Budget Shoppers,Tier 4 - Cost Sensitive,Standard,0.0,Smart Value & Price-Sensitive Promotional Campaigns,Weekly Promotional Email / Discount Catalog SMS
CUST_0187,Female,32,47,47,17,155.84,254,26.3,68.0,0.53,9,5.0,2649.28,0,4,Frugal Budget Conscious,Budget Shoppers,Tier 4 - Cost Sensitive,Standard,0.001,Smart Value & Price-Sensitive Promotional Campaigns,Weekly Promotional Email / Discount Catalog SMS
CUST_0188,Female,41,141,18,16,217.39,342,14.7,26.8,0.61,7,6.4,3478.24,0,3,Affluent VIP Spenders,Premium / High-Value,Tier 1 - Highest Value,Standard,0.001,VIP Loyalty Concierge & Exclusive Retention,Dedicated Concierge / Private Invitation / SMS Preview
CUST_0189,Female,55,31,21,14,69.17,299,16.3,46.8,0.52,5,6.6,968.38,0,0,Frugal Budget Conscious,Budget Shoppers,Tier 4 - Cost Sensitive,Standard,0.0,Smart Value & Price-Sensitive Promotional Campaigns,Weekly Promotional Email / Discount Catalog SMS
CUST_0190,Male,52,22,13,16,15.0,324,18.1,58.4,0.29,3,5.9,240.0,0,0,Frugal Budget Conscious,Budget Shoppers,Tier 4 - Cost Sensitive,Standard,0.0,Smart Value & Price-Sensitive Promotional Campaigns,Weekly Promotional Email / Discount Catalog SMS
CUST_0191,Male,47,74,21,14,168.49,311,11.8,36.7,0.43,7,7.0,2358.86,0,0,Frugal Budget Conscious,Budget Shoppers,Tier 4 - Cost Sensitive,Standard,0.001,High-Value Upselling & Premium Basket Conversion,Curated Email Lookbooks / Targeted Category Highlights
CUST_0192,Female,48,48,8,4,70.76,365,22.5,38.2,0.54,3,5.5,283.04,0,0,Frugal Budget Conscious,Budget Shoppers,Tier 4 - Cost Sensitive,Standard,0.0,Smart Value & Price-Sensitive Promotional Campaigns,Weekly Promotional Email / Discount Catalog SMS
CUST_0193,Female,66,38,46,16,132.5,200,17.2,51.6,0.48,12,10.2,2120.0,0,0,Frugal Budget Conscious,Budget Shoppers,Tier 4 - Cost Sensitive,Standard,0.0,Smart Value & Price-Sensitive Promotional Campaigns,Weekly Promotional Email / Discount Catalog SMS
CUST_0194,Female,22,83,7,11,138.17,335,16.9,32.8,0.48,6,3.3,1519.87,0,4,Frugal Budget Conscious,Budget Shoppers,Tier 4 - Cost Sensitive,Standard,0.001,High-Value Upselling & Premium Basket Conversion,Curated Email Lookbooks / Targeted Category Highlights
CUST_0195,Male,61,67,23,6,171.29,255,21.9,46.3,0.46,7,9.5,1027.74,0,0,Frugal Budget Conscious,Budget Shoppers,Tier 4 - Cost Sensitive,Standard,0.0,Smart Value & Price-Sensitive Promotional Campaigns,Weekly Promotional Email / Discount Catalog SMS
CUST_0196,Male,67,47,96,30,223.11,131,17.4,57.3,0.37,10,8.7,6693.3,1,2,Young Enthusiasts & Trendsetters,Potential / High-Engagement,Tier 3 - High Engagement,High-Value,0.968,Gamified Mobile Engagement & Flash Social Drops,Mobile App Push / TikTok & Instagram Ads / SMS Alerts
CUST_0197,Female,31,34,75,24,186.83,169,22.4,61.5,0.36,16,3.4,4483.92,0,1,Young Enthusiasts & Trendsetters,Potential / High-Engagement,Tier 3 - High Engagement,Standard,0.003,Gamified Mobile Engagement & Flash Social Drops,Mobile App Push / TikTok & Instagram Ads / SMS Alerts
CUST_0198,Female,70,89,86,34,279.56,151,13.4,63.5,0.42,13,10.3,9505.04,1,2,Young Enthusiasts & Trendsetters,Potential / High-Engagement,Tier 3 - High Engagement,High-Value,0.998,VIP Loyalty Concierge & Exclusive Retention,Dedicated Concierge / Private Invitation / SMS Preview
CUST_0199,Female,28,81,22,17,187.97,313,21.6,40.7,0.56,9,2.1,3195.49,0,4,Frugal Budget Conscious,Budget Shoppers,Tier 4 - Cost Sensitive,Standard,0.001,High-Value Upselling & Premium Basket Conversion,Curated Email Lookbooks / Targeted Category Highlights
CUST_0200,Female,26,58,89,29,222.42,167,19.9,70.4,0.29,18,3.9,6450.18,1,1,Young Enthusiasts & Trendsetters,Potential / High-Engagement,Tier 3 - High Engagement,High-Value,0.996,Gamified Mobile Engagement & Flash Social Drops,Mobile App Push / TikTok & Instagram Ads / SMS Alerts
CUST_0201,Female,51,139,22,22,284.1,325,15.5,36.5,0.36,4,8.0,6250.2,0,3,Affluent VIP Spenders,Premium / High-Value,Tier 1 - Highest Value,Standard,0.015,VIP Loyalty Concierge & Exclusive Retention,Dedicated Concierge / Private Invitation / SMS Preview
CUST_0202,Male,29,37,92,34,160.88,155,19.8,68.2,0.54,22,3.4,5469.92,1,1,Young Enthusiasts & Trendsetters,Potential / High-Engagement,Tier 3 - High Engagement,High-Value,0.938,Gamified Mobile Engagement & Flash Social Drops,Mobile App Push / TikTok & Instagram Ads / SMS Alerts
CUST_0203,Male,52,30,29,11,112.87,259,14.4,49.6,0.31,10,7.9,1241.57,0,0,Frugal Budget Conscious,Budget Shoppers,Tier 4 - Cost Sensitive,Standard,0.0,Smart Value & Price-Sensitive Promotional Campaigns,Weekly Promotional Email / Discount Catalog SMS
CUST_0204,Female,52,44,13,10,75.13,365,19.5,54.5,0.59,4,6.1,751.3,0,0,Frugal Budget Conscious,Budget Shoppers,Tier 4 - Cost Sensitive,Standard,0.0,Smart Value & Price-Sensitive Promotional Campaigns,Weekly Promotional Email / Discount Catalog SMS
CUST_0205,Female,18,59,82,21,208.33,134,18.0,54.6,0.79,16,1.5,4374.93,0,1,Young Enthusiasts & Trendsetters,Potential / High-Engagement,Tier 3 - High Engagement,Standard,0.015,Gamified Mobile Engagement & Flash Social Drops,Mobile App Push / TikTok & Instagram Ads / SMS Alerts
CUST_0206,Male,57,67,2,3,121.43,340,13.2,38.8,0.32,8,9.3,364.29,0,0,Frugal Budget Conscious,Budget Shoppers,Tier 4 - Cost Sensitive,Standard,0.001,Smart Value & Price-Sensitive Promotional Campaigns,Weekly Promotional Email / Discount Catalog SMS
CUST_0207,Male,39,54,29,11,142.51,299,16.0,49.8,0.4,6,6.6,1567.61,0,4,Frugal Budget Conscious,Budget Shoppers,Tier 4 - Cost Sensitive,Standard,0.001,Smart Value & Price-Sensitive Promotional Campaigns,Weekly Promotional Email / Discount Catalog SMS
CUST_0208,Female,46,71,85,27,252.59,157,17.6,54.5,0.42,12,6.2,6819.93,1,2,Young Enthusiasts & Trendsetters,Potential / High-Engagement,Tier 3 - High Engagement,High-Value,0.984,VIP Loyalty Concierge & Exclusive Retention,Dedicated Concierge / Private Invitation / SMS Preview
CUST_0209,Male,25,34,79,21,148.92,131,16.9,55.8,0.53,12,4.4,3127.32,0,1,Young Enthusiasts & Trendsetters,Potential / High-Engagement,Tier 3 - High Engagement,Standard,0.001,Gamified Mobile Engagement & Flash Social Drops,Mobile App Push / TikTok & Instagram Ads / SMS Alerts
CUST_0210,Male,28,116,52,23,286.61,227,7.0,25.7,0.45,14,3.6,6592.03,1,3,Affluent VIP Spenders,Premium / High-Value,Tier 1 - Highest Value,High-Value,0.755,VIP Loyalty Concierge & Exclusive Retention,Dedicated Concierge / Private Invitation / SMS Preview
CUST_0211,Female,58,58,27,12,116.19,341,22.9,53.5,0.0,5,7.4,1394.28,0,0,Frugal Budget Conscious,Budget Shoppers,Tier 4 - Cost Sensitive,Standard,0.0,Smart Value & Price-Sensitive Promotional Campaigns,Weekly Promotional Email / Discount Catalog SMS
CUST_0212,Female,54,100,50,25,215.58,193,16.6,45.7,0.65,13,6.7,5389.5,0,3,Affluent VIP Spenders,Premium / High-Value,Tier 1 - Highest Value,Standard,0.023,VIP Loyalty Concierge & Exclusive Retention,Dedicated Concierge / Private Invitation / SMS Preview
CUST_0213,Female,31,70,95,29,266.74,167,9.1,43.0,0.52,22,5.2,7735.46,1,1,Young Enthusiasts & Trendsetters,Potential / High-Engagement,Tier 3 - High Engagement,High-Value,0.998,VIP Loyalty Concierge & Exclusive Retention,Dedicated Concierge / Private Invitation / SMS Preview
CUST_0214,Male,47,74,79,20,230.17,156,26.6,46.7,0.4,16,5.4,4603.4,0,2,Young Enthusiasts & Trendsetters,Potential / High-Engagement,Tier 3 - High Engagement,Standard,0.011,VIP Loyalty Concierge & Exclusive Retention,Dedicated Concierge / Private Invitation / SMS Preview
CUST_0215,Female,52,78,23,14,164.0,236,22.9,42.0,0.45,5,7.3,2296.0,0,0,Frugal Budget Conscious,Budget Shoppers,Tier 4 - Cost Sensitive,Standard,0.0,High-Value Upselling & Premium Basket Conversion,Curated Email Lookbooks / Targeted Category Highlights
CUST_0216,Male,38,74,88,29,206.28,99,16.6,58.0,0.47,21,5.2,5982.12,1,1,Young Enthusiasts & Trendsetters,Potential / High-Engagement,Tier 3 - High Engagement,High-Value,0.997,VIP Loyalty Concierge & Exclusive Retention,Dedicated Concierge / Private Invitation / SMS Preview
CUST_0217,Male,54,81,44,16,199.46,224,14.4,32.0,0.33,14,8.1,3191.36,0,0,Frugal Budget Conscious,Budget Shoppers,Tier 4 - Cost Sensitive,Standard,0.001,High-Value Upselling & Premium Basket Conversion,Curated Email Lookbooks / Targeted Category Highlights
CUST_0218,Female,22,110,77,30,290.6,150,18.4,43.6,0.42,21,2.6,8718.0,1,1,Young Enthusiasts & Trendsetters,Potential / High-Engagement,Tier 3 - High Engagement,High-Value,0.999,VIP Loyalty Concierge & Exclusive Retention,Dedicated Concierge / Private Invitation / SMS Preview
CUST_0219,Female,36,66,22,9,128.36,306,19.1,47.4,0.22,7,4.0,1155.24,0,4,Frugal Budget Conscious,Budget Shoppers,Tier 4 - Cost Sensitive,Standard,0.0,Smart Value & Price-Sensitive Promotional Campaigns,Weekly Promotional Email / Discount Catalog SMS
CUST_0220,Female,31,83,43,20,153.76,174,19.9,40.7,0.32,14,3.0,3075.2,0,4,Frugal Budget Conscious,Budget Shoppers,Tier 4 - Cost Sensitive,Standard,0.001,High-Value Upselling & Premium Basket Conversion,Curated Email Lookbooks / Targeted Category Highlights
CUST_0221,Female,43,58,37,23,144.95,276,15.2,49.9,0.29,8,6.1,3333.85,0,4,Frugal Budget Conscious,Budget Shoppers,Tier 4 - Cost Sensitive,Standard,0.001,Smart Value & Price-Sensitive Promotional Campaigns,Weekly Promotional Email / Discount Catalog SMS
CUST_0222,Female,21,115,61,20,268.9,177,21.1,36.1,0.68,13,3.1,5378.0,0,3,Affluent VIP Spenders,Premium / High-Value,Tier 1 - Highest Value,Standard,0.09,VIP Loyalty Concierge & Exclusive Retention,Dedicated Concierge / Private Invitation / SMS Preview
CUST_0223,Male,42,45,97,28,212.6,159,17.1,70.0,0.57,16,5.8,5952.8,1,1,Young Enthusiasts & Trendsetters,Potential / High-Engagement,Tier 3 - High Engagement,High-Value,0.988,Gamified Mobile Engagement & Flash Social Drops,Mobile App Push / TikTok & Instagram Ads / SMS Alerts
CUST_0224,Male,62,136,56,24,256.54,214,18.7,27.9,0.21,8,9.3,6156.96,0,3,Affluent VIP Spenders,Premium / High-Value,Tier 1 - Highest Value,Standard,0.071,VIP Loyalty Concierge & Exclusive Retention,Dedicated Concierge / Private Invitation / SMS Preview
CUST_0225,Male,59,59,3,6,131.58,365,15.3,31.7,0.0,2,7.1,789.48,0,0,Frugal Budget Conscious,Budget Shoppers,Tier 4 - Cost Sensitive,Standard,0.001,Smart Value & Price-Sensitive Promotional Campaigns,Weekly Promotional Email / Discount Catalog SMS
CUST_0226,Male,42,32,63,23,136.91,237,30.0,59.1,0.46,20,6.7,3148.93,0,1,Young Enthusiasts & Trendsetters,Potential / High-Engagement,Tier 3 - High Engagement,Standard,0.005,Gamified Mobile Engagement & Flash Social Drops,Mobile App Push / TikTok & Instagram Ads / SMS Alerts
CUST_0227,Female,35,64,19,13,126.65,349,21.1,31.4,0.44,5,4.8,1646.45,0,4,Frugal Budget Conscious,Budget Shoppers,Tier 4 - Cost Sensitive,Standard,0.0,Smart Value & Price-Sensitive Promotional Campaigns,Weekly Promotional Email / Discount Catalog SMS
CUST_0228,Male,57,44,23,13,59.27,289,30.0,31.3,0.31,9,6.7,770.51,0,0,Frugal Budget Conscious,Budget Shoppers,Tier 4 - Cost Sensitive,Standard,0.0,Smart Value & Price-Sensitive Promotional Campaigns,Weekly Promotional Email / Discount Catalog SMS
CUST_0229,Female,25,88,29,16,213.55,274,20.9,48.2,0.7,10,2.9,3416.8,0,4,Frugal Budget Conscious,Budget Shoppers,Tier 4 - Cost Sensitive,Standard,0.001,High-Value Upselling & Premium Basket Conversion,Curated Email Lookbooks / Targeted Category Highlights
CUST_0230,Female,56,45,30,9,110.11,282,16.8,41.5,0.4,0,8.7,990.99,0,0,Frugal Budget Conscious,Budget Shoppers,Tier 4 - Cost Sensitive,Standard,0.0,Smart Value & Price-Sensitive Promotional Campaigns,Weekly Promotional Email / Discount Catalog SMS
CUST_0231,Female,57,49,39,12,140.84,284,22.2,39.6,0.23,6,9.0,1690.08,0,0,Frugal Budget Conscious,Budget Shoppers,Tier 4 - Cost Sensitive,Standard,0.0,Smart Value & Price-Sensitive Promotional Campaigns,Weekly Promotional Email / Discount Catalog SMS
CUST_0232,Female,31,26,25,12,106.21,286,23.2,46.1,0.34,13,3.2,1274.52,0,4,Frugal Budget Conscious,Budget Shoppers,Tier 4 - Cost Sensitive,Standard,0.001,Smart Value & Price-Sensitive Promotional Campaigns,Weekly Promotional Email / Discount Catalog SMS
CUST_0233,Female,49,49,8,8,78.84,341,20.4,37.2,0.38,5,7.3,630.72,0,0,Frugal Budget Conscious,Budget Shoppers,Tier 4 - Cost Sensitive,Standard,0.0,Smart Value & Price-Sensitive Promotional Campaigns,Weekly Promotional Email / Discount Catalog SMS
CUST_0234,Female,68,20,58,22,143.67,225,22.4,59.4,0.18,10,8.3,3160.74,0,2,Young Enthusiasts & Trendsetters,Potential / High-Engagement,Tier 3 - High Engagement,Standard,0.001,Gamified Mobile Engagement & Flash Social Drops,Mobile App Push / TikTok & Instagram Ads / SMS Alerts
CUST_0235,Male,55,30,16,9,35.0,297,22.5,41.1,0.37,9,6.2,315.0,0,0,Frugal Budget Conscious,Budget Shoppers,Tier 4 - Cost Sensitive,Standard,0.0,Smart Value & Price-Sensitive Promotional Campaigns,Weekly Promotional Email / Discount Catalog SMS
CUST_0236,Female,50,85,72,23,252.72,152,13.7,52.8,0.57,11,7.0,5812.56,0,2,Young Enthusiasts & Trendsetters,Potential / High-Engagement,Tier 3 - High Engagement,Standard,0.063,VIP Loyalty Concierge & Exclusive Retention,Dedicated Concierge / Private Invitation / SMS Preview
CUST_0237,Male,40,86,1,7,168.13,358,13.4,39.6,0.26,1,5.9,1176.91,0,4,Frugal Budget Conscious,Budget Shoppers,Tier 4 - Cost Sensitive,Standard,0.001,High-Value Upselling & Premium Basket Conversion,Curated Email Lookbooks / Targeted Category Highlights
CUST_0238,Male,32,73,5,10,111.82,351,14.9,27.9,0.53,0,5.0,1118.2,0,4,Frugal Budget Conscious,Budget Shoppers,Tier 4 - Cost Sensitive,Standard,0.001,High-Value Upselling & Premium Basket Conversion,Curated Email Lookbooks / Targeted Category Highlights
CUST_0239,Female,50,39,3,8,92.43,365,19.7,40.3,0.55,6,6.3,739.44,0,0,Frugal Budget Conscious,Budget Shoppers,Tier 4 - Cost Sensitive,Standard,0.0,Smart Value & Price-Sensitive Promotional Campaigns,Weekly Promotional Email / Discount Catalog SMS
CUST_0240,Male,42,59,65,25,229.36,219,17.6,49.0,0.45,15,4.1,5734.0,0,1,Young Enthusiasts & Trendsetters,Potential / High-Engagement,Tier 3 - High Engagement,Standard,0.029,Gamified Mobile Engagement & Flash Social Drops,Mobile App Push / TikTok & Instagram Ads / SMS Alerts
CUST_0241,Female,34,60,4,4,97.57,322,14.6,39.5,0.61,8,4.3,390.28,0,4,Frugal Budget Conscious,Budget Shoppers,Tier 4 - Cost Sensitive,Standard,0.001,Smart Value & Price-Sensitive Promotional Campaigns,Weekly Promotional Email / Discount Catalog SMS
CUST_0242,Female,50,36,99,26,202.86,88,22.4,73.8,0.37,14,5.3,5274.36,1,2,Young Enthusiasts & Trendsetters,Potential / High-Engagement,Tier 3 - High Engagement,High-Value,0.966,Gamified Mobile Engagement & Flash Social Drops,Mobile App Push / TikTok & Instagram Ads / SMS Alerts
CUST_0243,Female,64,119,96,34,310.11,91,17.7,55.2,0.36,10,7.7,10543.74,1,3,Affluent VIP Spenders,Premium / High-Value,Tier 1 - Highest Value,High-Value,0.99,VIP Loyalty Concierge & Exclusive Retention,Dedicated Concierge / Private Invitation / SMS Preview
CUST_0244,Male,19,90,64,29,226.92,244,18.2,66.1,0.66,13,1.6,6580.68,1,1,Young Enthusiasts & Trendsetters,Potential / High-Engagement,Tier 3 - High Engagement,High-Value,0.923,High-Value Upselling & Premium Basket Conversion,Curated Email Lookbooks / Targeted Category Highlights
CUST_0245,Male,31,55,98,28,219.95,111,17.6,42.6,0.44,18,3.8,6158.6,1,1,Young Enthusiasts & Trendsetters,Potential / High-Engagement,Tier 3 - High Engagement,High-Value,0.998,Gamified Mobile Engagement & Flash Social Drops,Mobile App Push / TikTok & Instagram Ads / SMS Alerts
CUST_0246,Female,70,61,89,30,213.67,138,17.0,50.2,0.6,18,9.1,6410.1,1,2,Young Enthusiasts & Trendsetters,Potential / High-Engagement,Tier 3 - High Engagement,High-Value,0.997,Gamified Mobile Engagement & Flash Social Drops,Mobile App Push / TikTok & Instagram Ads / SMS Alerts
CUST_0247,Male,57,66,10,11,144.53,341,14.9,55.2,0.46,6,8.1,1589.83,0,0,Frugal Budget Conscious,Budget Shoppers,Tier 4 - Cost Sensitive,Standard,0.0,Smart Value & Price-Sensitive Promotional Campaigns,Weekly Promotional Email / Discount Catalog SMS
CUST_0248,Female,57,24,21,11,59.03,290,23.4,37.8,0.57,4,6.5,649.33,0,0,Frugal Budget Conscious,Budget Shoppers,Tier 4 - Cost Sensitive,Standard,0.0,Smart Value & Price-Sensitive Promotional Campaigns,Weekly Promotional Email / Discount Catalog SMS
CUST_0249,Female,68,54,46,22,161.95,294,15.9,64.9,0.47,8,8.4,3562.9,0,0,Frugal Budget Conscious,Budget Shoppers,Tier 4 - Cost Sensitive,Standard,0.0,Smart Value & Price-Sensitive Promotional Campaigns,Weekly Promotional Email / Discount Catalog SMS
CUST_0250,Female,56,44,91,33,210.23,145,19.9,62.9,0.43,14,8.3,6937.59,1,2,Young Enthusiasts & Trendsetters,Potential / High-Engagement,Tier 3 - High Engagement,High-Value,0.995,Gamified Mobile Engagement & Flash Social Drops,Mobile App Push / TikTok & Instagram Ads / SMS Alerts
CUST_0251,Male,68,38,27,10,134.54,297,25.9,51.8,0.52,5,8.4,1345.4,0,0,Frugal Budget Conscious,Budget Shoppers,Tier 4 - Cost Sensitive,Standard,0.0,Smart Value & Price-Sensitive Promotional Campaigns,Weekly Promotional Email / Discount Catalog SMS
CUST_0252,Male,23,53,66,16,175.23,163,17.4,44.5,0.6,13,3.2,2803.68,0,1,Young Enthusiasts & Trendsetters,Potential / High-Engagement,Tier 3 - High Engagement,Standard,0.001,Gamified Mobile Engagement & Flash Social Drops,Mobile App Push / TikTok & Instagram Ads / SMS Alerts
CUST_0253,Female,23,135,41,20,276.9,225,19.8,27.9,0.46,15,1.4,5538.0,0,3,Affluent VIP Spenders,Premium / High-Value,Tier 1 - Highest Value,Standard,0.032,VIP Loyalty Concierge & Exclusive Retention,Dedicated Concierge / Private Invitation / SMS Preview
CUST_0254,Male,20,81,13,11,163.1,323,20.1,51.9,0.59,7,2.0,1794.1,0,4,Frugal Budget Conscious,Budget Shoppers,Tier 4 - Cost Sensitive,Standard,0.001,High-Value Upselling & Premium Basket Conversion,Curated Email Lookbooks / Targeted Category Highlights
CUST_0255,Male,24,47,9,7,120.7,321,20.2,44.3,0.41,10,1.9,844.9,0,4,Frugal Budget Conscious,Budget Shoppers,Tier 4 - Cost Sensitive,Standard,0.0,Smart Value & Price-Sensitive Promotional Campaigns,Weekly Promotional Email / Discount Catalog SMS
CUST_0256,Female,68,78,36,23,166.98,241,19.6,39.6,-0.0,4,8.3,3840.54,0,0,Frugal Budget Conscious,Budget Shoppers,Tier 4 - Cost Sensitive,Standard,0.001,High-Value Upselling & Premium Basket Conversion,Curated Email Lookbooks / Targeted Category Highlights
CUST_0257,Female,25,113,86,32,291.83,134,16.4,48.7,0.43,17,3.3,9338.56,1,3,Affluent VIP Spenders,Premium / High-Value,Tier 1 - Highest Value,High-Value,0.999,VIP Loyalty Concierge & Exclusive Retention,Dedicated Concierge / Private Invitation / SMS Preview
CUST_0258,Female,59,91,90,33,256.36,129,17.6,49.6,0.37,20,9.4,8459.88,1,2,Young Enthusiasts & Trendsetters,Potential / High-Engagement,Tier 3 - High Engagement,High-Value,0.998,VIP Loyalty Concierge & Exclusive Retention,Dedicated Concierge / Private Invitation / SMS Preview
CUST_0259,Female,69,62,58,22,231.36,221,16.2,53.9,0.47,9,8.3,5089.92,0,2,Young Enthusiasts & Trendsetters,Potential / High-Engagement,Tier 3 - High Engagement,Standard,0.001,Gamified Mobile Engagement & Flash Social Drops,Mobile App Push / TikTok & Instagram Ads / SMS Alerts
CUST_0260,Male,32,45,54,18,183.13,212,19.2,47.3,0.39,13,3.9,3296.34,0,1,Young Enthusiasts & Trendsetters,Potential / High-Engagement,Tier 3 - High Engagement,Standard,0.001,Gamified Mobile Engagement & Flash Social Drops,Mobile App Push / TikTok & Instagram Ads / SMS Alerts
CUST_0261,Female,64,83,12,5,147.9,304,15.4,36.7,0.49,5,9.5,739.5,0,0,Frugal Budget Conscious,Budget Shoppers,Tier 4 - Cost Sensitive,Standard,0.001,High-Value Upselling & Premium Basket Conversion,Curated Email Lookbooks / Targeted Category Highlights
CUST_0262,Female,46,72,81,27,274.57,129,22.1,48.4,0.26,12,6.1,7413.39,1,2,Young Enthusiasts & Trendsetters,Potential / High-Engagement,Tier 3 - High Engagement,High-Value,0.986,VIP Loyalty Concierge & Exclusive Retention,Dedicated Concierge / Private Invitation / SMS Preview
CUST_0263,Male,50,90,78,38,256.07,202,10.7,34.5,0.28,18,7.7,9730.66,1,2,Young Enthusiasts & Trendsetters,Potential / High-Engagement,Tier 3 - High Engagement,High-Value,0.998,VIP Loyalty Concierge & Exclusive Retention,Dedicated Concierge / Private Invitation / SMS Preview
CUST_0264,Female,69,80,14,8,161.78,292,19.8,42.2,0.52,2,8.7,1294.24,0,0,Frugal Budget Conscious,Budget Shoppers,Tier 4 - Cost Sensitive,Standard,0.0,High-Value Upselling & Premium Basket Conversion,Curated Email Lookbooks / Targeted Category Highlights
CUST_0265,Female,47,97,34,12,202.68,289,18.6,28.7,0.44,10,7.7,2432.16,0,3,Affluent VIP Spenders,Premium / High-Value,Tier 1 - Highest Value,Standard,0.0,VIP Loyalty Concierge & Exclusive Retention,Dedicated Concierge / Private Invitation / SMS Preview
CUST_0266,Female,56,47,53,24,164.86,245,19.9,52.2,0.35,5,7.4,3956.64,0,2,Young Enthusiasts & Trendsetters,Potential / High-Engagement,Tier 3 - High Engagement,Standard,0.001,Gamified Mobile Engagement & Flash Social Drops,Mobile App Push / TikTok & Instagram Ads / SMS Alerts
CUST_0267,Female,44,109,20,17,205.09,310,21.0,40.5,0.48,6,5.4,3486.53,0,3,Affluent VIP Spenders,Premium / High-Value,Tier 1 - Highest Value,Standard,0.001,VIP Loyalty Concierge & Exclusive Retention,Dedicated Concierge / Private Invitation / SMS Preview
CUST_0268,Female,53,66,75,26,209.56,226,17.2,41.7,0.22,14,8.4,5448.56,0,2,Young Enthusiasts & Trendsetters,Potential / High-Engagement,Tier 3 - High Engagement,Standard,0.032,Gamified Mobile Engagement & Flash Social Drops,Mobile App Push / TikTok & Instagram Ads / SMS Alerts
CUST_0269,Male,46,150,16,21,275.85,339,16.5,28.0,0.39,9,6.4,5792.85,0,3,Affluent VIP Spenders,Premium / High-Value,Tier 1 - Highest Value,Standard,0.015,VIP Loyalty Concierge & Exclusive Retention,Dedicated Concierge / Private Invitation / SMS Preview
CUST_0270,Male,55,44,95,26,229.78,178,12.2,60.2,0.39,18,7.6,5974.28,1,2,Young Enthusiasts & Trendsetters,Potential / High-Engagement,Tier 3 - High Engagement,High-Value,0.981,Gamified Mobile Engagement & Flash Social Drops,Mobile App Push / TikTok & Instagram Ads / SMS Alerts
CUST_0271,Female,50,132,70,29,328.89,167,14.4,30.3,0.6,12,7.5,9537.81,1,3,Affluent VIP Spenders,Premium / High-Value,Tier 1 - Highest Value,High-Value,0.99,VIP Loyalty Concierge & Exclusive Retention,Dedicated Concierge / Private Invitation / SMS Preview
CUST_0272,Female,54,66,56,24,195.96,203,21.7,66.1,0.14,12,7.6,4703.04,0,2,Young Enthusiasts & Trendsetters,Potential / High-Engagement,Tier 3 - High Engagement,Standard,0.001,Gamified Mobile Engagement & Flash Social Drops,Mobile App Push / TikTok & Instagram Ads / SMS Alerts
CUST_0273,Female,44,45,83,32,180.81,169,13.6,59.9,0.71,20,4.9,5785.92,1,2,Young Enthusiasts & Trendsetters,Potential / High-Engagement,Tier 3 - High Engagement,High-Value,0.937,Gamified Mobile Engagement & Flash Social Drops,Mobile App Push / TikTok & Instagram Ads / SMS Alerts
CUST_0274,Female,50,49,58,17,201.56,209,19.5,49.5,0.4,11,7.3,3426.52,0,2,Young Enthusiasts & Trendsetters,Potential / High-Engagement,Tier 3 - High Engagement,Standard,0.0,Gamified Mobile Engagement & Flash Social Drops,Mobile App Push / TikTok & Instagram Ads / SMS Alerts
CUST_0275,Female,21,52,4,11,85.56,365,16.1,36.3,0.41,7,1.4,941.16,0,4,Frugal Budget Conscious,Budget Shoppers,Tier 4 - Cost Sensitive,Standard,0.001,Smart Value & Price-Sensitive Promotional Campaigns,Weekly Promotional Email / Discount Catalog SMS
CUST_0276,Female,39,73,4,9,129.21,365,17.6,45.0,0.28,0,6.1,1162.89,0,4,Frugal Budget Conscious,Budget Shoppers,Tier 4 - Cost Sensitive,Standard,0.0,High-Value Upselling & Premium Basket Conversion,Curated Email Lookbooks / Targeted Category Highlights
CUST_0277,Female,19,76,20,13,163.08,283,15.5,35.5,0.63,9,3.6,2120.04,0,4,Frugal Budget Conscious,Budget Shoppers,Tier 4 - Cost Sensitive,Standard,0.001,High-Value Upselling & Premium Basket Conversion,Curated Email Lookbooks / Targeted Category Highlights
CUST_0278,Female,27,47,10,8,99.56,287,13.9,50.9,0.34,2,3.0,796.48,0,4,Frugal Budget Conscious,Budget Shoppers,Tier 4 - Cost Sensitive,Standard,0.001,Smart Value & Price-Sensitive Promotional Campaigns,Weekly Promotional Email / Discount Catalog SMS
CUST_0279,Female,22,60,24,8,150.98,301,20.0,44.8,0.49,10,2.4,1207.84,0,4,Frugal Budget Conscious,Budget Shoppers,Tier 4 - Cost Sensitive,Standard,0.0,Smart Value & Price-Sensitive Promotional Campaigns,Weekly Promotional Email / Discount Catalog SMS
CUST_0280,Female,27,150,99,41,399.97,109,15.3,48.7,0.51,24,2.0,16398.77,1,3,Affluent VIP Spenders,Premium / High-Value,Tier 1 - Highest Value,High-Value,0.999,VIP Loyalty Concierge & Exclusive Retention,Dedicated Concierge / Private Invitation / SMS Preview
CUST_0281,Female,50,131,26,16,236.36,308,18.6,21.1,0.59,0,5.3,3781.76,0,3,Affluent VIP Spenders,Premium / High-Value,Tier 1 - Highest Value,Standard,0.001,VIP Loyalty Concierge & Exclusive Retention,Dedicated Concierge / Private Invitation / SMS Preview
CUST_0282,Male,55,73,37,13,203.94,307,21.2,37.3,0.54,11,8.8,2651.22,0,0,Frugal Budget Conscious,Budget Shoppers,Tier 4 - Cost Sensitive,Standard,0.001,High-Value Upselling & Premium Basket Conversion,Curated Email Lookbooks / Targeted Category Highlights
CUST_0283,Male,30,61,85,30,220.31,180,23.4,54.5,0.43,17,2.7,6609.3,1,1,Young Enthusiasts & Trendsetters,Potential / High-Engagement,Tier 3 - High Engagement,High-Value,0.995,Gamified Mobile Engagement & Flash Social Drops,Mobile App Push / TikTok & Instagram Ads / SMS Alerts
CUST_0284,Male,48,64,54,22,190.33,210,18.9,48.3,0.39,11,6.3,4187.26,0,2,Young Enthusiasts & Trendsetters,Potential / High-Engagement,Tier 3 - High Engagement,Standard,0.001,Gamified Mobile Engagement & Flash Social Drops,Mobile App Push / TikTok & Instagram Ads / SMS Alerts
CUST_0285,Female,64,80,21,13,150.04,273,22.9,36.9,0.09,2,9.8,1950.52,0,0,Frugal Budget Conscious,Budget Shoppers,Tier 4 - Cost Sensitive,Standard,0.0,High-Value Upselling & Premium Basket Conversion,Curated Email Lookbooks / Targeted Category Highlights
CUST_0286,Male,53,38,74,26,161.6,139,15.3,80.7,0.09,8,8.4,4201.6,0,2,Young Enthusiasts & Trendsetters,Potential / High-Engagement,Tier 3 - High Engagement,Standard,0.01,Gamified Mobile Engagement & Flash Social Drops,Mobile App Push / TikTok & Instagram Ads / SMS Alerts
CUST_0287,Female,62,54,38,20,165.66,246,22.3,65.4,0.16,4,8.7,3313.2,0,0,Frugal Budget Conscious,Budget Shoppers,Tier 4 - Cost Sensitive,Standard,0.0,Smart Value & Price-Sensitive Promotional Campaigns,Weekly Promotional Email / Discount Catalog SMS
CUST_0288,Female,41,28,46,19,180.7,236,21.4,58.7,0.63,17,5.6,3433.3,0,4,Frugal Budget Conscious,Budget Shoppers,Tier 4 - Cost Sensitive,Standard,0.001,Smart Value & Price-Sensitive Promotional Campaigns,Weekly Promotional Email / Discount Catalog SMS
CUST_0289,Male,69,72,4,7,113.21,364,19.0,41.5,0.42,0,10.2,792.47,0,0,Frugal Budget Conscious,Budget Shoppers,Tier 4 - Cost Sensitive,Standard,0.0,High-Value Upselling & Premium Basket Conversion,Curated Email Lookbooks / Targeted Category Highlights
CUST_0290,Female,32,81,60,26,242.08,188,19.6,45.4,0.57,10,5.5,6294.08,1,1,Young Enthusiasts & Trendsetters,Potential / High-Engagement,Tier 3 - High Engagement,High-Value,0.884,High-Value Upselling & Premium Basket Conversion,Curated Email Lookbooks / Targeted Category Highlights
CUST_0291,Male,46,49,57,20,159.35,228,15.0,45.4,0.22,12,6.5,3187.0,0,2,Young Enthusiasts & Trendsetters,Potential / High-Engagement,Tier 3 - High Engagement,Standard,0.001,Gamified Mobile Engagement & Flash Social Drops,Mobile App Push / TikTok & Instagram Ads / SMS Alerts
CUST_0292,Male,25,123,45,27,257.29,261,11.6,33.5,0.45,13,3.2,6946.83,1,3,Affluent VIP Spenders,Premium / High-Value,Tier 1 - Highest Value,High-Value,0.965,VIP Loyalty Concierge & Exclusive Retention,Dedicated Concierge / Private Invitation / SMS Preview
CUST_0293,Female,22,35,20,9,124.78,318,26.2,55.7,0.45,9,1.1,1123.02,0,4,Frugal Budget Conscious,Budget Shoppers,Tier 4 - Cost Sensitive,Standard,0.001,Smart Value & Price-Sensitive Promotional Campaigns,Weekly Promotional Email / Discount Catalog SMS
CUST_0294,Male,46,31,17,7,57.73,288,18.8,60.3,0.41,6,4.9,404.11,0,0,Frugal Budget Conscious,Budget Shoppers,Tier 4 - Cost Sensitive,Standard,0.0,Smart Value & Price-Sensitive Promotional Campaigns,Weekly Promotional Email / Discount Catalog SMS
CUST_0295,Male,64,67,71,23,186.77,198,17.5,60.6,0.3,13,9.1,4295.71,0,2,Young Enthusiasts & Trendsetters,Potential / High-Engagement,Tier 3 - High Engagement,Standard,0.001,Gamified Mobile Engagement & Flash Social Drops,Mobile App Push / TikTok & Instagram Ads / SMS Alerts
CUST_0296,Female,21,97,4,11,155.74,365,12.9,20.5,0.43,6,3.8,1713.14,0,4,Frugal Budget Conscious,Budget Shoppers,Tier 4 - Cost Sensitive,Standard,0.001,High-Value Upselling & Premium Basket Conversion,Curated Email Lookbooks / Targeted Category Highlights
CUST_0297,Female,29,129,93,36,351.66,135,10.3,41.0,0.59,20,4.8,12659.76,1,3,Affluent VIP Spenders,Premium / High-Value,Tier 1 - Highest Value,High-Value,0.999,VIP Loyalty Concierge & Exclusive Retention,Dedicated Concierge / Private Invitation / SMS Preview
CUST_0298,Male,62,49,14,10,110.64,241,18.5,33.5,0.38,6,10.0,1106.4,0,0,Frugal Budget Conscious,Budget Shoppers,Tier 4 - Cost Sensitive,Standard,0.0,Smart Value & Price-Sensitive Promotional Campaigns,Weekly Promotional Email / Discount Catalog SMS
CUST_0299,Female,19,98,3,11,164.68,365,15.9,41.5,0.48,5,2.2,1811.48,0,4,Frugal Budget Conscious,Budget Shoppers,Tier 4 - Cost Sensitive,Standard,0.001,High-Value Upselling & Premium Basket Conversion,Curated Email Lookbooks / Targeted Category Highlights
CUST_0300,Male,44,59,88,30,227.87,119,18.5,54.5,0.49,10,6.8,6836.1,1,2,Young Enthusiasts & Trendsetters,Potential / High-Engagement,Tier 3 - High Engagement,High-Value,0.978,Gamified Mobile Engagement & Flash Social Drops,Mobile App Push / TikTok & Instagram Ads / SMS Alerts
CUST_0301,Male,48,56,80,25,226.47,229,19.0,56.5,0.59,17,7.5,5661.75,0,2,Young Enthusiasts & Trendsetters,Potential / High-Engagement,Tier 3 - High Engagement,Standard,0.064,Gamified Mobile Engagement & Flash Social Drops,Mobile App Push / TikTok & Instagram Ads / SMS Alerts
CUST_0302,Female,68,90,58,20,169.84,220,27.5,48.8,0.53,16,9.9,3396.8,0,2,Young Enthusiasts & Trendsetters,Potential / High-Engagement,Tier 3 - High Engagement,Standard,0.001,High-Value Upselling & Premium Basket Conversion,Curated Email Lookbooks / Targeted Category Highlights
CUST_0303,Female,68,81,55,19,195.26,174,16.4,68.5,0.39,9,9.0,3709.94,0,2,Young Enthusiasts & Trendsetters,Potential / High-Engagement,Tier 3 - High Engagement,Standard,0.001,High-Value Upselling & Premium Basket Conversion,Curated Email Lookbooks / Targeted Category Highlights
CUST_0304,Female,53,30,4,8,56.35,293,25.8,49.6,0.47,4,7.2,450.8,0,0,Frugal Budget Conscious,Budget Shoppers,Tier 4 - Cost Sensitive,Standard,0.0,Smart Value & Price-Sensitive Promotional Campaigns,Weekly Promotional Email / Discount Catalog SMS
CUST_0305,Female,53,117,24,18,231.2,350,23.2,30.2,0.36,5,8.3,4161.6,0,3,Affluent VIP Spenders,Premium / High-Value,Tier 1 - Highest Value,Standard,0.001,VIP Loyalty Concierge & Exclusive Retention,Dedicated Concierge / Private Invitation / SMS Preview
CUST_0306,Female,43,112,34,13,254.5,311,19.8,25.3,0.61,14,5.1,3308.5,0,3,Affluent VIP Spenders,Premium / High-Value,Tier 1 - Highest Value,Standard,0.01,VIP Loyalty Concierge & Exclusive Retention,Dedicated Concierge / Private Invitation / SMS Preview
CUST_0307,Female,60,46,30,16,103.22,355,18.0,60.8,0.2,6,9.6,1651.52,0,0,Frugal Budget Conscious,Budget Shoppers,Tier 4 - Cost Sensitive,Standard,0.0,Smart Value & Price-Sensitive Promotional Campaigns,Weekly Promotional Email / Discount Catalog SMS
CUST_0308,Male,44,72,82,33,266.59,156,12.7,52.3,0.59,15,5.1,8797.47,1,2,Young Enthusiasts & Trendsetters,Potential / High-Engagement,Tier 3 - High Engagement,High-Value,0.998,VIP Loyalty Concierge & Exclusive Retention,Dedicated Concierge / Private Invitation / SMS Preview
CUST_0309,Female,22,75,19,10,138.34,315,19.9,53.7,0.53,12,3.3,1383.4,0,4,Frugal Budget Conscious,Budget Shoppers,Tier 4 - Cost Sensitive,Standard,0.001,High-Value Upselling & Premium Basket Conversion,Curated Email Lookbooks / Targeted Category Highlights
CUST_0310,Male,37,68,31,16,152.42,274,22.3,53.3,0.71,8,5.2,2438.72,0,4,Frugal Budget Conscious,Budget Shoppers,Tier 4 - Cost Sensitive,Standard,0.001,Smart Value & Price-Sensitive Promotional Campaigns,Weekly Promotional Email / Discount Catalog SMS
CUST_0311,Male,28,47,60,19,179.04,192,25.9,51.2,0.63,11,4.2,3401.76,0,1,Young Enthusiasts & Trendsetters,Potential / High-Engagement,Tier 3 - High Engagement,Standard,0.001,Gamified Mobile Engagement & Flash Social Drops,Mobile App Push / TikTok & Instagram Ads / SMS Alerts
CUST_0312,Male,27,45,60,22,160.38,200,15.2,44.2,0.54,18,3.2,3528.36,0,1,Young Enthusiasts & Trendsetters,Potential / High-Engagement,Tier 3 - High Engagement,Standard,0.004,Gamified Mobile Engagement & Flash Social Drops,Mobile App Push / TikTok & Instagram Ads / SMS Alerts
CUST_0313,Male,57,60,19,8,147.37,323,17.5,46.0,0.34,3,9.1,1178.96,0,0,Frugal Budget Conscious,Budget Shoppers,Tier 4 - Cost Sensitive,Standard,0.0,Smart Value & Price-Sensitive Promotional Campaigns,Weekly Promotional Email / Discount Catalog SMS
CUST_0314,Female,55,102,49,21,224.3,214,13.3,35.5,0.46,7,7.9,4710.3,0,3,Affluent VIP Spenders,Premium / High-Value,Tier 1 - Highest Value,Standard,0.001,VIP Loyalty Concierge & Exclusive Retention,Dedicated Concierge / Private Invitation / SMS Preview
CUST_0315,Female,23,77,63,26,208.56,154,15.4,49.1,0.64,22,2.1,5422.56,1,1,Young Enthusiasts & Trendsetters,Potential / High-Engagement,Tier 3 - High Engagement,High-Value,0.937,High-Value Upselling & Premium Basket Conversion,Curated Email Lookbooks / Targeted Category Highlights
CUST_0316,Female,25,51,83,30,228.87,158,21.5,67.0,0.5,18,3.5,6866.1,1,1,Young Enthusiasts & Trendsetters,Potential / High-Engagement,Tier 3 - High Engagement,High-Value,0.997,Gamified Mobile Engagement & Flash Social Drops,Mobile App Push / TikTok & Instagram Ads / SMS Alerts
CUST_0317,Male,40,85,22,15,151.44,283,14.9,25.6,0.49,9,4.7,2271.6,0,4,Frugal Budget Conscious,Budget Shoppers,Tier 4 - Cost Sensitive,Standard,0.001,High-Value Upselling & Premium Basket Conversion,Curated Email Lookbooks / Targeted Category Highlights
CUST_0318,Male,64,17,24,8,73.94,206,16.6,56.5,0.47,5,8.3,591.52,0,0,Frugal Budget Conscious,Budget Shoppers,Tier 4 - Cost Sensitive,Standard,0.0,Smart Value & Price-Sensitive Promotional Campaigns,Weekly Promotional Email / Discount Catalog SMS
CUST_0319,Male,43,101,76,24,238.2,187,20.3,52.2,0.25,13,5.4,5716.8,0,3,Affluent VIP Spenders,Premium / High-Value,Tier 1 - Highest Value,Standard,0.063,VIP Loyalty Concierge & Exclusive Retention,Dedicated Concierge / Private Invitation / SMS Preview
CUST_0320,Male,63,28,30,9,130.65,255,21.4,59.6,0.45,8,9.8,1175.85,0,0,Frugal Budget Conscious,Budget Shoppers,Tier 4 - Cost Sensitive,Standard,0.0,Smart Value & Price-Sensitive Promotional Campaigns,Weekly Promotional Email / Discount Catalog SMS
CUST_0321,Female,60,51,58,19,194.46,237,20.2,42.7,0.44,11,8.3,3694.74,0,2,Young Enthusiasts & Trendsetters,Potential / High-Engagement,Tier 3 - High Engagement,Standard,0.0,Gamified Mobile Engagement & Flash Social Drops,Mobile App Push / TikTok & Instagram Ads / SMS Alerts
CUST_0322,Female,29,36,31,10,162.61,305,16.7,54.9,0.71,9,4.2,1626.1,0,4,Frugal Budget Conscious,Budget Shoppers,Tier 4 - Cost Sensitive,Standard,0.001,Smart Value & Price-Sensitive Promotional Campaigns,Weekly Promotional Email / Discount Catalog SMS
CUST_0323,Female,43,34,64,21,180.92,210,24.5,68.2,0.35,15,5.4,3799.32,0,1,Young Enthusiasts & Trendsetters,Potential / High-Engagement,Tier 3 - High Engagement,Standard,0.001,Gamified Mobile Engagement & Flash Social Drops,Mobile App Push / TikTok & Instagram Ads / SMS Alerts
CUST_0324,Male,30,102,19,13,164.8,365,17.2,37.2,0.53,7,3.1,2142.4,0,4,Frugal Budget Conscious,Budget Shoppers,Tier 4 - Cost Sensitive,Standard,0.001,High-Value Upselling & Premium Basket Conversion,Curated Email Lookbooks / Targeted Category Highlights
CUST_0325,Female,57,49,48,18,165.74,238,28.4,51.1,0.41,6,9.2,2983.32,0,0,Frugal Budget Conscious,Budget Shoppers,Tier 4 - Cost Sensitive,Standard,0.0,Smart Value & Price-Sensitive Promotional Campaigns,Weekly Promotional Email / Discount Catalog SMS
CUST_0326,Female,35,71,45,22,162.1,241,18.8,55.7,0.61,8,4.9,3566.2,0,4,Frugal Budget Conscious,Budget Shoppers,Tier 4 - Cost Sensitive,Standard,0.001,High-Value Upselling & Premium Basket Conversion,Curated Email Lookbooks / Targeted Category Highlights
CUST_0327,Female,42,59,94,29,267.75,145,9.2,53.5,0.52,19,6.9,7764.75,1,1,Young Enthusiasts & Trendsetters,Potential / High-Engagement,Tier 3 - High Engagement,High-Value,0.998,Gamified Mobile Engagement & Flash Social Drops,Mobile App Push / TikTok & Instagram Ads / SMS Alerts
CUST_0328,Female,50,75,55,17,179.37,223,8.5,35.4,0.23,10,5.9,3049.29,0,2,Young Enthusiasts & Trendsetters,Potential / High-Engagement,Tier 3 - High Engagement,Standard,0.001,High-Value Upselling & Premium Basket Conversion,Curated Email Lookbooks / Targeted Category Highlights
CUST_0329,Male,64,62,55,18,159.15,259,20.9,49.0,0.38,14,7.8,2864.7,0,2,Young Enthusiasts & Trendsetters,Potential / High-Engagement,Tier 3 - High Engagement,Standard,0.001,Gamified Mobile Engagement & Flash Social Drops,Mobile App Push / TikTok & Instagram Ads / SMS Alerts
CUST_0330,Male,57,34,97,30,171.45,79,24.6,69.5,0.67,16,8.9,5143.5,1,2,Young Enthusiasts & Trendsetters,Potential / High-Engagement,Tier 3 - High Engagement,High-Value,0.823,Gamified Mobile Engagement & Flash Social Drops,Mobile App Push / TikTok & Instagram Ads / SMS Alerts
CUST_0331,Male,60,94,18,15,164.27,281,14.2,44.4,0.45,2,8.8,2464.05,0,0,Frugal Budget Conscious,Budget Shoppers,Tier 4 - Cost Sensitive,Standard,0.001,High-Value Upselling & Premium Basket Conversion,Curated Email Lookbooks / Targeted Category Highlights
CUST_0332,Female,29,48,63,22,159.6,227,27.3,59.5,0.78,16,2.7,3511.2,0,1,Young Enthusiasts & Trendsetters,Potential / High-Engagement,Tier 3 - High Engagement,Standard,0.001,Gamified Mobile Engagement & Flash Social Drops,Mobile App Push / TikTok & Instagram Ads / SMS Alerts
CUST_0333,Male,61,30,92,31,164.99,95,26.2,71.8,0.51,11,7.8,5114.69,0,2,Young Enthusiasts & Trendsetters,Potential / High-Engagement,Tier 3 - High Engagement,Standard,0.21,Gamified Mobile Engagement & Flash Social Drops,Mobile App Push / TikTok & Instagram Ads / SMS Alerts
CUST_0334,Male,53,50,47,17,192.15,263,19.7,60.0,0.6,9,8.2,3266.55,0,0,Frugal Budget Conscious,Budget Shoppers,Tier 4 - Cost Sensitive,Standard,0.0,Smart Value & Price-Sensitive Promotional Campaigns,Weekly Promotional Email / Discount Catalog SMS
CUST_0335,Male,65,119,75,36,307.17,184,18.7,39.2,0.38,13,8.9,11058.12,1,3,Affluent VIP Spenders,Premium / High-Value,Tier 1 - Highest Value,High-Value,0.998,VIP Loyalty Concierge & Exclusive Retention,Dedicated Concierge / Private Invitation / SMS Preview
CUST_0336,Male,21,88,57,25,231.89,199,21.1,44.0,0.66,16,3.0,5797.25,0,1,Young Enthusiasts & Trendsetters,Potential / High-Engagement,Tier 3 - High Engagement,Standard,0.119,High-Value Upselling & Premium Basket Conversion,Curated Email Lookbooks / Targeted Category Highlights
CUST_0337,Female,22,52,45,9,184.1,261,26.3,61.1,0.61,18,2.1,1656.9,0,4,Frugal Budget Conscious,Budget Shoppers,Tier 4 - Cost Sensitive,Standard,0.002,Smart Value & Price-Sensitive Promotional Campaigns,Weekly Promotional Email / Discount Catalog SMS
CUST_0338,Female,54,52,33,19,139.44,244,21.5,38.7,0.39,15,7.0,2649.36,0,0,Frugal Budget Conscious,Budget Shoppers,Tier 4 - Cost Sensitive,Standard,0.001,Smart Value & Price-Sensitive Promotional Campaigns,Weekly Promotional Email / Discount Catalog SMS
CUST_0339,Female,25,52,17,8,95.34,292,19.5,48.6,0.67,11,4.5,762.72,0,4,Frugal Budget Conscious,Budget Shoppers,Tier 4 - Cost Sensitive,Standard,0.001,Smart Value & Price-Sensitive Promotional Campaigns,Weekly Promotional Email / Discount Catalog SMS
CUST_0340,Male,59,150,70,27,301.0,179,18.2,28.3,0.28,16,7.4,8127.0,1,3,Affluent VIP Spenders,Premium / High-Value,Tier 1 - Highest Value,High-Value,0.985,VIP Loyalty Concierge & Exclusive Retention,Dedicated Concierge / Private Invitation / SMS Preview
CUST_0341,Female,66,72,4,10,104.34,357,20.2,46.9,0.61,9,9.2,1043.4,0,0,Frugal Budget Conscious,Budget Shoppers,Tier 4 - Cost Sensitive,Standard,0.001,High-Value Upselling & Premium Basket Conversion,Curated Email Lookbooks / Targeted Category Highlights
CUST_0342,Female,45,73,20,7,176.03,305,21.8,41.0,0.3,4,7.1,1232.21,0,0,Frugal Budget Conscious,Budget Shoppers,Tier 4 - Cost Sensitive,Standard,0.0,High-Value Upselling & Premium Basket Conversion,Curated Email Lookbooks / Targeted Category Highlights
CUST_0343,Male,48,96,47,19,195.39,258,11.0,41.5,0.55,11,5.7,3712.41,0,3,Affluent VIP Spenders,Premium / High-Value,Tier 1 - Highest Value,Standard,0.001,VIP Loyalty Concierge & Exclusive Retention,Dedicated Concierge / Private Invitation / SMS Preview
CUST_0344,Male,26,67,91,34,250.6,144,19.5,70.5,0.76,19,2.9,8520.4,1,1,Young Enthusiasts & Trendsetters,Potential / High-Engagement,Tier 3 - High Engagement,High-Value,0.998,Gamified Mobile Engagement & Flash Social Drops,Mobile App Push / TikTok & Instagram Ads / SMS Alerts
CUST_0345,Male,68,54,15,11,130.96,365,20.5,35.7,0.28,5,9.8,1440.56,0,0,Frugal Budget Conscious,Budget Shoppers,Tier 4 - Cost Sensitive,Standard,0.0,Smart Value & Price-Sensitive Promotional Campaigns,Weekly Promotional Email / Discount Catalog SMS
CUST_0346,Female,46,55,70,26,199.97,183,18.4,56.8,0.27,15,6.1,5199.22,0,2,Young Enthusiasts & Trendsetters,Potential / High-Engagement,Tier 3 - High Engagement,Standard,0.019,Gamified Mobile Engagement & Flash Social Drops,Mobile App Push / TikTok & Instagram Ads / SMS Alerts
CUST_0347,Female,31,58,47,16,172.18,281,21.7,48.4,0.7,10,3.8,2754.88,0,4,Frugal Budget Conscious,Budget Shoppers,Tier 4 - Cost Sensitive,Standard,0.001,Smart Value & Price-Sensitive Promotional Campaigns,Weekly Promotional Email / Discount Catalog SMS
CUST_0348,Male,57,59,78,21,225.3,193,26.2,60.1,0.4,14,7.4,4731.3,0,2,Young Enthusiasts & Trendsetters,Potential / High-Engagement,Tier 3 - High Engagement,Standard,0.003,Gamified Mobile Engagement & Flash Social Drops,Mobile App Push / TikTok & Instagram Ads / SMS Alerts
CUST_0349,Male,58,84,75,29,252.31,242,18.3,65.1,0.49,16,8.3,7316.99,1,2,Young Enthusiasts & Trendsetters,Potential / High-Engagement,Tier 3 - High Engagement,High-Value,0.983,VIP Loyalty Concierge & Exclusive Retention,Dedicated Concierge / Private Invitation / SMS Preview
CUST_0350,Female,39,62,9,12,145.31,338,21.2,36.5,0.46,2,5.5,1743.72,0,4,Frugal Budget Conscious,Budget Shoppers,Tier 4 - Cost Sensitive,Standard,0.0,Smart Value & Price-Sensitive Promotional Campaigns,Weekly Promotional Email / Discount Catalog SMS
CUST_0351,Female,28,84,90,33,246.42,122,24.1,43.1,0.8,17,4.0,8131.86,1,1,Young Enthusiasts & Trendsetters,Potential / High-Engagement,Tier 3 - High Engagement,High-Value,0.998,VIP Loyalty Concierge & Exclusive Retention,Dedicated Concierge / Private Invitation / SMS Preview
CUST_0352,Female,40,58,16,11,122.51,362,19.2,37.2,0.15,4,4.0,1347.61,0,4,Frugal Budget Conscious,Budget Shoppers,Tier 4 - Cost Sensitive,Standard,0.0,Smart Value & Price-Sensitive Promotional Campaigns,Weekly Promotional Email / Discount Catalog SMS
CUST_0353,Female,18,63,69,21,168.25,200,14.8,51.3,0.65,19,2.4,3533.25,0,1,Young Enthusiasts & Trendsetters,Potential / High-Engagement,Tier 3 - High Engagement,Standard,0.005,Gamified Mobile Engagement & Flash Social Drops,Mobile App Push / TikTok & Instagram Ads / SMS Alerts
CUST_0354,Male,63,25,61,26,94.84,248,22.1,60.5,0.54,14,10.1,2465.84,0,2,Young Enthusiasts & Trendsetters,Potential / High-Engagement,Tier 3 - High Engagement,Standard,0.009,Gamified Mobile Engagement & Flash Social Drops,Mobile App Push / TikTok & Instagram Ads / SMS Alerts
CUST_0355,Male,54,91,10,13,155.96,361,8.7,36.0,0.41,0,7.5,2027.48,0,0,Frugal Budget Conscious,Budget Shoppers,Tier 4 - Cost Sensitive,Standard,0.001,High-Value Upselling & Premium Basket Conversion,Curated Email Lookbooks / Targeted Category Highlights
CUST_0356,Female,38,71,50,19,198.83,174,8.9,62.0,0.53,12,5.6,3777.77,0,1,Young Enthusiasts & Trendsetters,Potential / High-Engagement,Tier 3 - High Engagement,Standard,0.001,High-Value Upselling & Premium Basket Conversion,Curated Email Lookbooks / Targeted Category Highlights
CUST_0357,Male,43,95,3,9,185.63,365,18.7,45.8,0.39,2,5.9,1670.67,0,4,Frugal Budget Conscious,Budget Shoppers,Tier 4 - Cost Sensitive,Standard,0.0,High-Value Upselling & Premium Basket Conversion,Curated Email Lookbooks / Targeted Category Highlights
CUST_0358,Female,63,16,77,23,195.38,178,10.6,75.6,0.34,16,9.8,4493.74,0,2,Young Enthusiasts & Trendsetters,Potential / High-Engagement,Tier 3 - High Engagement,Standard,0.005,Gamified Mobile Engagement & Flash Social Drops,Mobile App Push / TikTok & Instagram Ads / SMS Alerts
CUST_0359,Female,53,150,94,40,397.4,129,10.2,58.9,0.15,16,8.5,15896.0,1,3,Affluent VIP Spenders,Premium / High-Value,Tier 1 - Highest Value,High-Value,0.998,VIP Loyalty Concierge & Exclusive Retention,Dedicated Concierge / Private Invitation / SMS Preview
CUST_0360,Female,40,57,70,24,211.77,182,17.1,61.3,0.36,15,4.4,5082.48,0,1,Young Enthusiasts & Trendsetters,Potential / High-Engagement,Tier 3 - High Engagement,Standard,0.011,Gamified Mobile Engagement & Flash Social Drops,Mobile App Push / TikTok & Instagram Ads / SMS Alerts
CUST_0361,Male,18,99,81,32,279.14,110,14.3,56.4,0.48,20,1.8,8932.48,1,1,Young Enthusiasts & Trendsetters,Potential / High-Engagement,Tier 3 - High Engagement,High-Value,0.999,VIP Loyalty Concierge & Exclusive Retention,Dedicated Concierge / Private Invitation / SMS Preview
CUST_0362,Female,68,38,51,18,109.95,261,18.6,61.5,0.41,11,9.2,1979.1,0,0,Frugal Budget Conscious,Budget Shoppers,Tier 4 - Cost Sensitive,Standard,0.0,Smart Value & Price-Sensitive Promotional Campaigns,Weekly Promotional Email / Discount Catalog SMS
CUST_0363,Female,57,79,19,12,150.39,328,22.3,44.7,0.29,11,7.6,1804.68,0,0,Frugal Budget Conscious,Budget Shoppers,Tier 4 - Cost Sensitive,Standard,0.0,High-Value Upselling & Premium Basket Conversion,Curated Email Lookbooks / Targeted Category Highlights
CUST_0364,Female,32,38,42,17,152.88,291,20.2,56.4,0.44,8,3.0,2598.96,0,4,Frugal Budget Conscious,Budget Shoppers,Tier 4 - Cost Sensitive,Standard,0.0,Smart Value & Price-Sensitive Promotional Campaigns,Weekly Promotional Email / Discount Catalog SMS
CUST_0365,Female,38,46,35,16,146.39,229,15.6,46.9,0.43,7,5.9,2342.24,0,4,Frugal Budget Conscious,Budget Shoppers,Tier 4 - Cost Sensitive,Standard,0.001,Smart Value & Price-Sensitive Promotional Campaigns,Weekly Promotional Email / Discount Catalog SMS
CUST_0366,Male,64,143,46,23,262.9,263,21.2,20.8,0.22,9,7.5,6046.7,0,3,Affluent VIP Spenders,Premium / High-Value,Tier 1 - Highest Value,Standard,0.04,VIP Loyalty Concierge & Exclusive Retention,Dedicated Concierge / Private Invitation / SMS Preview
CUST_0367,Female,26,55,26,10,140.54,292,13.0,45.3,0.59,8,3.3,1405.4,0,4,Frugal Budget Conscious,Budget Shoppers,Tier 4 - Cost Sensitive,Standard,0.001,Smart Value & Price-Sensitive Promotional Campaigns,Weekly Promotional Email / Discount Catalog SMS
CUST_0368,Female,70,67,69,25,221.1,193,19.2,56.8,0.36,13,10.3,5527.5,0,2,Young Enthusiasts & Trendsetters,Potential / High-Engagement,Tier 3 - High Engagement,Standard,0.016,Gamified Mobile Engagement & Flash Social Drops,Mobile App Push / TikTok & Instagram Ads / SMS Alerts
CUST_0369,Male,26,89,93,32,286.13,121,11.4,52.7,0.68,24,2.3,9156.16,1,1,Young Enthusiasts & Trendsetters,Potential / High-Engagement,Tier 3 - High Engagement,High-Value,0.999,VIP Loyalty Concierge & Exclusive Retention,Dedicated Concierge / Private Invitation / SMS Preview
CUST_0370,Male,27,75,64,22,214.33,218,19.0,40.9,0.64,14,4.6,4715.26,0,1,Young Enthusiasts & Trendsetters,Potential / High-Engagement,Tier 3 - High Engagement,Standard,0.002,High-Value Upselling & Premium Basket Conversion,Curated Email Lookbooks / Targeted Category Highlights
CUST_0371,Male,69,65,37,13,172.89,266,17.1,45.0,0.39,3,10.7,2247.57,0,0,Frugal Budget Conscious,Budget Shoppers,Tier 4 - Cost Sensitive,Standard,0.0,Smart Value & Price-Sensitive Promotional Campaigns,Weekly Promotional Email / Discount Catalog SMS
CUST_0372,Male,70,71,84,29,252.91,119,22.5,52.6,0.25,12,9.7,7334.39,1,2,Young Enthusiasts & Trendsetters,Potential / High-Engagement,Tier 3 - High Engagement,High-Value,0.991,VIP Loyalty Concierge & Exclusive Retention,Dedicated Concierge / Private Invitation / SMS Preview
CUST_0373,Male,43,150,49,27,290.67,242,18.4,29.3,0.4,12,5.5,7848.09,1,3,Affluent VIP Spenders,Premium / High-Value,Tier 1 - Highest Value,High-Value,0.719,VIP Loyalty Concierge & Exclusive Retention,Dedicated Concierge / Private Invitation / SMS Preview
CUST_0374,Female,58,59,21,10,135.79,305,16.2,48.3,0.24,6,7.2,1357.9,0,0,Frugal Budget Conscious,Budget Shoppers,Tier 4 - Cost Sensitive,Standard,0.0,Smart Value & Price-Sensitive Promotional Campaigns,Weekly Promotional Email / Discount Catalog SMS
CUST_0375,Male,52,66,74,24,212.77,173,15.2,59.1,0.27,7,7.8,5106.48,0,2,Young Enthusiasts & Trendsetters,Potential / High-Engagement,Tier 3 - High Engagement,Standard,0.002,Gamified Mobile Engagement & Flash Social Drops,Mobile App Push / TikTok & Instagram Ads / SMS Alerts
CUST_0376,Male,69,97,64,23,217.74,106,16.0,40.6,0.33,7,8.5,5008.02,0,2,Young Enthusiasts & Trendsetters,Potential / High-Engagement,Tier 3 - High Engagement,Standard,0.035,High-Value Upselling & Premium Basket Conversion,Curated Email Lookbooks / Targeted Category Highlights
CUST_0377,Female,42,99,5,12,150.71,365,24.7,40.2,0.35,4,6.1,1808.52,0,4,Frugal Budget Conscious,Budget Shoppers,Tier 4 - Cost Sensitive,Standard,0.0,High-Value Upselling & Premium Basket Conversion,Curated Email Lookbooks / Targeted Category Highlights
CUST_0378,Male,43,103,70,25,234.1,177,23.5,53.5,0.67,12,6.8,5852.5,0,3,Affluent VIP Spenders,Premium / High-Value,Tier 1 - Highest Value,Standard,0.034,VIP Loyalty Concierge & Exclusive Retention,Dedicated Concierge / Private Invitation / SMS Preview
CUST_0379,Female,28,80,90,37,280.9,95,14.0,56.1,0.53,11,2.7,10393.3,1,1,Young Enthusiasts & Trendsetters,Potential / High-Engagement,Tier 3 - High Engagement,High-Value,0.993,VIP Loyalty Concierge & Exclusive Retention,Dedicated Concierge / Private Invitation / SMS Preview
CUST_0380,Male,55,36,4,4,74.23,365,22.5,51.5,0.61,0,8.6,296.92,0,0,Frugal Budget Conscious,Budget Shoppers,Tier 4 - Cost Sensitive,Standard,0.0,Smart Value & Price-Sensitive Promotional Campaigns,Weekly Promotional Email / Discount Catalog SMS
CUST_0381,Male,19,126,39,14,245.83,284,9.4,41.0,0.68,9,0.7,3441.62,0,3,Affluent VIP Spenders,Premium / High-Value,Tier 1 - Highest Value,Standard,0.006,VIP Loyalty Concierge & Exclusive Retention,Dedicated Concierge / Private Invitation / SMS Preview
CUST_0382,Female,24,36,35,13,142.02,266,17.5,43.6,0.45,11,4.1,1846.26,0,4,Frugal Budget Conscious,Budget Shoppers,Tier 4 - Cost Sensitive,Standard,0.0,Smart Value & Price-Sensitive Promotional Campaigns,Weekly Promotional Email / Discount Catalog SMS
CUST_0383,Female,35,69,1,7,112.86,328,14.5,46.6,0.49,4,3.4,790.02,0,4,Frugal Budget Conscious,Budget Shoppers,Tier 4 - Cost Sensitive,Standard,0.001,Smart Value & Price-Sensitive Promotional Campaigns,Weekly Promotional Email / Discount Catalog SMS
CUST_0384,Female,44,43,24,14,78.86,309,23.3,42.3,0.2,5,6.3,1104.04,0,0,Frugal Budget Conscious,Budget Shoppers,Tier 4 - Cost Sensitive,Standard,0.0,Smart Value & Price-Sensitive Promotional Campaigns,Weekly Promotional Email / Discount Catalog SMS
CUST_0385,Female,51,59,57,21,171.9,223,13.4,46.1,0.44,14,6.2,3609.9,0,2,Young Enthusiasts & Trendsetters,Potential / High-Engagement,Tier 3 - High Engagement,Standard,0.001,Gamified Mobile Engagement & Flash Social Drops,Mobile App Push / TikTok & Instagram Ads / SMS Alerts
CUST_0386,Female,44,70,70,22,249.14,214,19.9,53.3,0.35,17,6.9,5481.08,0,2,Young Enthusiasts & Trendsetters,Potential / High-Engagement,Tier 3 - High Engagement,Standard,0.011,VIP Loyalty Concierge & Exclusive Retention,Dedicated Concierge / Private Invitation / SMS Preview
CUST_0387,Male,34,70,41,16,159.59,247,18.2,28.8,0.34,12,4.4,2553.44,0,4,Frugal Budget Conscious,Budget Shoppers,Tier 4 - Cost Sensitive,Standard,0.0,High-Value Upselling & Premium Basket Conversion,Curated Email Lookbooks / Targeted Category Highlights
CUST_0388,Male,60,73,54,22,202.43,263,17.4,49.3,0.59,10,7.2,4453.46,0,2,Young Enthusiasts & Trendsetters,Potential / High-Engagement,Tier 3 - High Engagement,Standard,0.001,High-Value Upselling & Premium Basket Conversion,Curated Email Lookbooks / Targeted Category Highlights
CUST_0389,Female,61,125,46,16,276.84,231,23.0,42.6,0.51,6,8.7,4429.44,0,3,Affluent VIP Spenders,Premium / High-Value,Tier 1 - Highest Value,Standard,0.01,VIP Loyalty Concierge & Exclusive Retention,Dedicated Concierge / Private Invitation / SMS Preview
CUST_0390,Female,68,74,60,26,219.21,171,25.1,35.7,0.46,7,9.2,5699.46,0,2,Young Enthusiasts & Trendsetters,Potential / High-Engagement,Tier 3 - High Engagement,Standard,0.027,High-Value Upselling & Premium Basket Conversion,Curated Email Lookbooks / Targeted Category Highlights
CUST_0391,Female,41,54,60,18,226.77,178,18.1,62.0,0.58,8,5.9,4081.86,0,1,Young Enthusiasts & Trendsetters,Potential / High-Engagement,Tier 3 - High Engagement,Standard,0.001,Gamified Mobile Engagement & Flash Social Drops,Mobile App Push / TikTok & Instagram Ads / SMS Alerts
CUST_0392,Male,42,93,57,27,207.53,217,16.0,38.5,0.27,12,6.7,5603.31,0,3,Affluent VIP Spenders,Premium / High-Value,Tier 1 - Highest Value,Standard,0.028,VIP Loyalty Concierge & Exclusive Retention,Dedicated Concierge / Private Invitation / SMS Preview
CUST_0393,Male,24,103,31,18,185.34,284,11.0,38.3,0.5,14,2.6,3336.12,0,4,Frugal Budget Conscious,Budget Shoppers,Tier 4 - Cost Sensitive,Standard,0.001,High-Value Upselling & Premium Basket Conversion,Curated Email Lookbooks / Targeted Category Highlights
CUST_0394,Female,69,35,84,27,162.43,160,19.3,57.9,0.25,17,9.0,4385.61,0,2,Young Enthusiasts & Trendsetters,Potential / High-Engagement,Tier 3 - High Engagement,Standard,0.076,Gamified Mobile Engagement & Flash Social Drops,Mobile App Push / TikTok & Instagram Ads / SMS Alerts
CUST_0395,Male,23,79,24,17,154.9,301,25.7,45.2,0.31,10,1.3,2633.3,0,4,Frugal Budget Conscious,Budget Shoppers,Tier 4 - Cost Sensitive,Standard,0.0,High-Value Upselling & Premium Basket Conversion,Curated Email Lookbooks / Targeted Category Highlights
CUST_0396,Female,70,83,89,32,286.23,167,17.2,60.9,0.22,15,10.0,9159.36,1,2,Young Enthusiasts & Trendsetters,Potential / High-Engagement,Tier 3 - High Engagement,High-Value,0.998,VIP Loyalty Concierge & Exclusive Retention,Dedicated Concierge / Private Invitation / SMS Preview
CUST_0397,Female,41,53,36,17,119.66,265,21.6,53.9,0.38,1,5.2,2034.22,0,4,Frugal Budget Conscious,Budget Shoppers,Tier 4 - Cost Sensitive,Standard,0.0,Smart Value & Price-Sensitive Promotional Campaigns,Weekly Promotional Email / Discount Catalog SMS
CUST_0398,Male,50,112,85,31,323.47,88,11.2,45.4,0.43,14,6.4,10027.57,1,3,Affluent VIP Spenders,Premium / High-Value,Tier 1 - Highest Value,High-Value,0.998,VIP Loyalty Concierge & Exclusive Retention,Dedicated Concierge / Private Invitation / SMS Preview
CUST_0399,Female,66,56,30,15,136.44,285,16.9,43.1,0.7,4,8.2,2046.6,0,0,Frugal Budget Conscious,Budget Shoppers,Tier 4 - Cost Sensitive,Standard,0.001,Smart Value & Price-Sensitive Promotional Campaigns,Weekly Promotional Email / Discount Catalog SMS
CUST_0400,Female,46,64,24,11,116.41,243,20.2,43.4,0.43,12,6.0,1280.51,0,0,Frugal Budget Conscious,Budget Shoppers,Tier 4 - Cost Sensitive,Standard,0.0,Smart Value & Price-Sensitive Promotional Campaigns,Weekly Promotional Email / Discount Catalog SMS
CUST_0401,Male,60,56,30,13,100.71,296,19.1,52.1,0.38,7,9.8,1309.23,0,0,Frugal Budget Conscious,Budget Shoppers,Tier 4 - Cost Sensitive,Standard,0.0,Smart Value & Price-Sensitive Promotional Campaigns,Weekly Promotional Email / Discount Catalog SMS
CUST_0402,Female,39,61,86,34,196.6,177,21.8,62.5,0.44,19,4.5,6684.4,1,1,Young Enthusiasts & Trendsetters,Potential / High-Engagement,Tier 3 - High Engagement,High-Value,0.991,Gamified Mobile Engagement & Flash Social Drops,Mobile App Push / TikTok & Instagram Ads / SMS Alerts
CUST_0403,Female,43,37,92,25,187.28,100,16.9,67.9,0.56,19,6.0,4682.0,1,1,Young Enthusiasts & Trendsetters,Potential / High-Engagement,Tier 3 - High Engagement,High-Value,0.932,Gamified Mobile Engagement & Flash Social Drops,Mobile App Push / TikTok & Instagram Ads / SMS Alerts
CUST_0404,Female,45,32,7,6,62.3,365,12.4,37.4,0.28,5,6.9,373.8,0,0,Frugal Budget Conscious,Budget Shoppers,Tier 4 - Cost Sensitive,Standard,0.001,Smart Value & Price-Sensitive Promotional Campaigns,Weekly Promotional Email / Discount Catalog SMS
CUST_0405,Male,67,124,35,20,270.9,301,20.9,32.6,0.6,10,10.1,5418.0,0,3,Affluent VIP Spenders,Premium / High-Value,Tier 1 - Highest Value,Standard,0.009,VIP Loyalty Concierge & Exclusive Retention,Dedicated Concierge / Private Invitation / SMS Preview
CUST_0406,Female,38,41,55,18,167.0,261,15.4,50.2,0.46,6,4.5,3006.0,0,1,Young Enthusiasts & Trendsetters,Potential / High-Engagement,Tier 3 - High Engagement,Standard,0.001,Gamified Mobile Engagement & Flash Social Drops,Mobile App Push / TikTok & Instagram Ads / SMS Alerts
CUST_0407,Male,66,39,92,29,186.78,136,21.2,68.4,0.26,15,9.5,5416.62,1,2,Young Enthusiasts & Trendsetters,Potential / High-Engagement,Tier 3 - High Engagement,High-Value,0.928,Gamified Mobile Engagement & Flash Social Drops,Mobile App Push / TikTok & Instagram Ads / SMS Alerts
CUST_0408,Male,24,23,14,9,71.03,299,21.5,44.9,0.71,12,4.0,639.27,0,4,Frugal Budget Conscious,Budget Shoppers,Tier 4 - Cost Sensitive,Standard,0.001,Smart Value & Price-Sensitive Promotional Campaigns,Weekly Promotional Email / Discount Catalog SMS
CUST_0409,Female,34,45,10,5,122.48,363,12.3,48.9,0.37,1,2.9,612.4,0,4,Frugal Budget Conscious,Budget Shoppers,Tier 4 - Cost Sensitive,Standard,0.001,Smart Value & Price-Sensitive Promotional Campaigns,Weekly Promotional Email / Discount Catalog SMS
CUST_0410,Male,37,33,80,25,214.15,142,23.6,59.7,0.6,19,4.7,5353.75,1,1,Young Enthusiasts & Trendsetters,Potential / High-Engagement,Tier 3 - High Engagement,High-Value,0.879,Gamified Mobile Engagement & Flash Social Drops,Mobile App Push / TikTok & Instagram Ads / SMS Alerts
CUST_0411,Male,58,126,16,12,212.16,328,14.0,13.5,0.58,2,7.2,2545.92,0,3,Affluent VIP Spenders,Premium / High-Value,Tier 1 - Highest Value,Standard,0.001,VIP Loyalty Concierge & Exclusive Retention,Dedicated Concierge / Private Invitation / SMS Preview
CUST_0412,Female,66,95,54,25,248.68,222,17.6,50.5,0.29,9,8.9,6217.0,0,2,Young Enthusiasts & Trendsetters,Potential / High-Engagement,Tier 3 - High Engagement,Standard,0.036,High-Value Upselling & Premium Basket Conversion,Curated Email Lookbooks / Targeted Category Highlights
CUST_0413,Female,37,44,95,29,243.26,156,17.6,62.4,0.8,17,4.6,7054.54,1,1,Young Enthusiasts & Trendsetters,Potential / High-Engagement,Tier 3 - High Engagement,High-Value,0.998,Gamified Mobile Engagement & Flash Social Drops,Mobile App Push / TikTok & Instagram Ads / SMS Alerts
CUST_0414,Female,39,150,89,35,333.36,160,22.0,48.0,0.57,21,5.9,11667.6,1,3,Affluent VIP Spenders,Premium / High-Value,Tier 1 - Highest Value,High-Value,0.999,VIP Loyalty Concierge & Exclusive Retention,Dedicated Concierge / Private Invitation / SMS Preview
CUST_0415,Female,45,94,77,30,252.29,166,22.7,34.5,0.54,14,4.8,7568.7,1,3,Affluent VIP Spenders,Premium / High-Value,Tier 1 - Highest Value,High-Value,0.998,VIP Loyalty Concierge & Exclusive Retention,Dedicated Concierge / Private Invitation / SMS Preview
CUST_0416,Male,57,52,70,22,234.22,128,11.5,53.4,0.58,15,7.9,5152.84,0,2,Young Enthusiasts & Trendsetters,Potential / High-Engagement,Tier 3 - High Engagement,Standard,0.017,Gamified Mobile Engagement & Flash Social Drops,Mobile App Push / TikTok & Instagram Ads / SMS Alerts
CUST_0417,Male,66,20,44,17,97.39,234,28.9,56.0,0.57,8,9.4,1655.63,0,0,Frugal Budget Conscious,Budget Shoppers,Tier 4 - Cost Sensitive,Standard,0.001,Smart Value & Price-Sensitive Promotional Campaigns,Weekly Promotional Email / Discount Catalog SMS
CUST_0418,Male,24,150,73,28,280.92,200,12.8,36.8,0.6,15,2.9,7865.76,1,3,Affluent VIP Spenders,Premium / High-Value,Tier 1 - Highest Value,High-Value,0.997,VIP Loyalty Concierge & Exclusive Retention,Dedicated Concierge / Private Invitation / SMS Preview
CUST_0419,Female,18,32,45,20,120.27,258,27.8,44.6,0.72,16,2.7,2405.4,0,4,Frugal Budget Conscious,Budget Shoppers,Tier 4 - Cost Sensitive,Standard,0.001,Smart Value & Price-Sensitive Promotional Campaigns,Weekly Promotional Email / Discount Catalog SMS
CUST_0420,Female,49,29,56,16,157.23,177,18.5,62.4,0.63,9,6.3,2515.68,0,2,Young Enthusiasts & Trendsetters,Potential / High-Engagement,Tier 3 - High Engagement,Standard,0.0,Gamified Mobile Engagement & Flash Social Drops,Mobile App Push / TikTok & Instagram Ads / SMS Alerts
CUST_0421,Female,30,96,84,25,276.13,96,15.9,64.1,0.35,19,5.1,6903.25,1,1,Young Enthusiasts & Trendsetters,Potential / High-Engagement,Tier 3 - High Engagement,High-Value,0.994,VIP Loyalty Concierge & Exclusive Retention,Dedicated Concierge / Private Invitation / SMS Preview
CUST_0422,Female,47,150,82,33,367.31,161,14.5,40.2,0.17,15,6.3,12121.23,1,3,Affluent VIP Spenders,Premium / High-Value,Tier 1 - Highest Value,High-Value,0.998,VIP Loyalty Concierge & Exclusive Retention,Dedicated Concierge / Private Invitation / SMS Preview
CUST_0423,Male,40,112,57,23,277.97,188,15.2,40.6,0.46,16,5.5,6393.31,1,3,Affluent VIP Spenders,Premium / High-Value,Tier 1 - Highest Value,High-Value,0.951,VIP Loyalty Concierge & Exclusive Retention,Dedicated Concierge / Private Invitation / SMS Preview
CUST_0424,Female,68,78,21,12,147.73,283,28.0,29.2,0.05,5,10.5,1772.76,0,0,Frugal Budget Conscious,Budget Shoppers,Tier 4 - Cost Sensitive,Standard,0.0,High-Value Upselling & Premium Basket Conversion,Curated Email Lookbooks / Targeted Category Highlights
CUST_0425,Male,36,79,68,25,216.43,211,17.6,43.2,0.45,15,4.0,5410.75,0,1,Young Enthusiasts & Trendsetters,Potential / High-Engagement,Tier 3 - High Engagement,Standard,0.028,VIP Loyalty Concierge & Exclusive Retention,Dedicated Concierge / Private Invitation / SMS Preview
CUST_0426,Female,49,89,50,24,217.7,273,16.3,43.1,0.47,8,5.4,5224.8,0,3,Affluent VIP Spenders,Premium / High-Value,Tier 1 - Highest Value,Standard,0.002,VIP Loyalty Concierge & Exclusive Retention,Dedicated Concierge / Private Invitation / SMS Preview
CUST_0427,Male,47,85,33,16,186.76,258,18.0,36.8,0.39,4,7.0,2988.16,0,0,Frugal Budget Conscious,Budget Shoppers,Tier 4 - Cost Sensitive,Standard,0.0,High-Value Upselling & Premium Basket Conversion,Curated Email Lookbooks / Targeted Category Highlights
CUST_0428,Female,46,68,91,28,246.1,131,14.4,64.6,0.42,17,6.1,6890.8,1,2,Young Enthusiasts & Trendsetters,Potential / High-Engagement,Tier 3 - High Engagement,High-Value,0.999,Gamified Mobile Engagement & Flash Social Drops,Mobile App Push / TikTok & Instagram Ads / SMS Alerts
CUST_0429,Male,66,63,7,5,113.51,345,24.8,45.0,0.17,0,10.4,567.55,0,0,Frugal Budget Conscious,Budget Shoppers,Tier 4 - Cost Sensitive,Standard,0.0,Smart Value & Price-Sensitive Promotional Campaigns,Weekly Promotional Email / Discount Catalog SMS
CUST_0430,Male,62,59,70,22,185.21,181,12.6,75.8,0.46,6,10.0,4074.62,0,2,Young Enthusiasts & Trendsetters,Potential / High-Engagement,Tier 3 - High Engagement,Standard,0.001,Gamified Mobile Engagement & Flash Social Drops,Mobile App Push / TikTok & Instagram Ads / SMS Alerts
CUST_0431,Male,46,43,15,3,108.99,328,16.6,38.9,0.28,2,5.9,326.97,0,0,Frugal Budget Conscious,Budget Shoppers,Tier 4 - Cost Sensitive,Standard,0.0,Smart Value & Price-Sensitive Promotional Campaigns,Weekly Promotional Email / Discount Catalog SMS
CUST_0432,Female,47,53,82,24,221.28,178,22.5,58.2,0.12,20,6.1,5310.72,1,2,Young Enthusiasts & Trendsetters,Potential / High-Engagement,Tier 3 - High Engagement,High-Value,0.788,Gamified Mobile Engagement & Flash Social Drops,Mobile App Push / TikTok & Instagram Ads / SMS Alerts
CUST_0433,Female,33,28,32,16,70.54,263,19.7,42.4,0.48,8,4.0,1128.64,0,4,Frugal Budget Conscious,Budget Shoppers,Tier 4 - Cost Sensitive,Standard,0.0,Smart Value & Price-Sensitive Promotional Campaigns,Weekly Promotional Email / Discount Catalog SMS
CUST_0434,Male,57,58,75,22,198.42,128,20.8,37.7,0.51,16,7.3,4365.24,0,2,Young Enthusiasts & Trendsetters,Potential / High-Engagement,Tier 3 - High Engagement,Standard,0.003,Gamified Mobile Engagement & Flash Social Drops,Mobile App Push / TikTok & Instagram Ads / SMS Alerts
CUST_0435,Male,36,39,20,12,97.42,365,25.3,54.4,0.51,7,5.5,1169.04,0,4,Frugal Budget Conscious,Budget Shoppers,Tier 4 - Cost Sensitive,Standard,0.0,Smart Value & Price-Sensitive Promotional Campaigns,Weekly Promotional Email / Discount Catalog SMS
CUST_0436,Female,35,37,88,23,183.91,173,23.3,66.7,0.33,22,5.3,4229.93,0,1,Young Enthusiasts & Trendsetters,Potential / High-Engagement,Tier 3 - High Engagement,Standard,0.042,Gamified Mobile Engagement & Flash Social Drops,Mobile App Push / TikTok & Instagram Ads / SMS Alerts
CUST_0437,Male,18,65,15,16,139.32,294,18.9,35.1,0.61,13,1.9,2229.12,0,4,Frugal Budget Conscious,Budget Shoppers,Tier 4 - Cost Sensitive,Standard,0.001,Smart Value & Price-Sensitive Promotional Campaigns,Weekly Promotional Email / Discount Catalog SMS
CUST_0438,Female,31,113,48,28,245.85,246,25.1,38.6,0.59,10,2.6,6883.8,1,3,Affluent VIP Spenders,Premium / High-Value,Tier 1 - Highest Value,High-Value,0.919,VIP Loyalty Concierge & Exclusive Retention,Dedicated Concierge / Private Invitation / SMS Preview
CUST_0439,Female,68,91,71,28,252.47,214,15.0,42.3,0.32,5,8.9,7069.16,1,2,Young Enthusiasts & Trendsetters,Potential / High-Engagement,Tier 3 - High Engagement,High-Value,0.916,VIP Loyalty Concierge & Exclusive Retention,Dedicated Concierge / Private Invitation / SMS Preview
CUST_0440,Male,64,30,21,15,75.71,334,19.1,46.9,0.29,0,8.3,1135.65,0,0,Frugal Budget Conscious,Budget Shoppers,Tier 4 - Cost Sensitive,Standard,0.0,Smart Value & Price-Sensitive Promotional Campaigns,Weekly Promotional Email / Discount Catalog SMS
CUST_0441,Male,67,39,42,16,88.69,272,19.1,50.5,0.39,4,10.3,1419.04,0,0,Frugal Budget Conscious,Budget Shoppers,Tier 4 - Cost Sensitive,Standard,0.0,Smart Value & Price-Sensitive Promotional Campaigns,Weekly Promotional Email / Discount Catalog SMS
CUST_0442,Female,19,92,26,18,142.07,293,17.0,30.9,0.33,17,0.9,2557.26,0,4,Frugal Budget Conscious,Budget Shoppers,Tier 4 - Cost Sensitive,Standard,0.002,High-Value Upselling & Premium Basket Conversion,Curated Email Lookbooks / Targeted Category Highlights
CUST_0443,Male,45,39,14,12,98.35,365,14.9,41.7,0.31,4,7.0,1180.2,0,0,Frugal Budget Conscious,Budget Shoppers,Tier 4 - Cost Sensitive,Standard,0.001,Smart Value & Price-Sensitive Promotional Campaigns,Weekly Promotional Email / Discount Catalog SMS
CUST_0444,Male,66,55,57,21,180.1,226,12.3,47.0,0.13,10,9.7,3782.1,0,2,Young Enthusiasts & Trendsetters,Potential / High-Engagement,Tier 3 - High Engagement,Standard,0.001,Gamified Mobile Engagement & Flash Social Drops,Mobile App Push / TikTok & Instagram Ads / SMS Alerts
CUST_0445,Female,67,77,37,12,186.13,255,19.6,47.0,0.52,10,10.0,2233.56,0,0,Frugal Budget Conscious,Budget Shoppers,Tier 4 - Cost Sensitive,Standard,0.0,High-Value Upselling & Premium Basket Conversion,Curated Email Lookbooks / Targeted Category Highlights
CUST_0446,Female,47,39,58,22,155.25,243,16.7,34.1,0.54,12,6.1,3415.5,0,2,Young Enthusiasts & Trendsetters,Potential / High-Engagement,Tier 3 - High Engagement,Standard,0.001,Gamified Mobile Engagement & Flash Social Drops,Mobile App Push / TikTok & Instagram Ads / SMS Alerts
CUST_0447,Female,55,63,21,10,136.9,314,26.0,41.7,0.41,6,8.1,1369.0,0,0,Frugal Budget Conscious,Budget Shoppers,Tier 4 - Cost Sensitive,Standard,0.0,Smart Value & Price-Sensitive Promotional Campaigns,Weekly Promotional Email / Discount Catalog SMS
CUST_0448,Female,68,33,82,24,199.05,166,19.1,53.7,0.09,14,9.8,4777.2,0,2,Young Enthusiasts & Trendsetters,Potential / High-Engagement,Tier 3 - High Engagement,Standard,0.02,Gamified Mobile Engagement & Flash Social Drops,Mobile App Push / TikTok & Instagram Ads / SMS Alerts
CUST_0449,Male,21,46,69,23,188.32,195,18.0,48.5,0.69,18,3.3,4331.36,0,1,Young Enthusiasts & Trendsetters,Potential / High-Engagement,Tier 3 - High Engagement,Standard,0.007,Gamified Mobile Engagement & Flash Social Drops,Mobile App Push / TikTok & Instagram Ads / SMS Alerts
CUST_0450,Male,18,70,3,10,136.8,365,22.5,34.2,0.81,8,1.8,1368.0,0,4,Frugal Budget Conscious,Budget Shoppers,Tier 4 - Cost Sensitive,Standard,0.001,High-Value Upselling & Premium Basket Conversion,Curated Email Lookbooks / Targeted Category Highlights
CUST_0451,Female,25,29,87,26,184.67,113,21.1,64.2,0.64,17,3.0,4801.42,0,1,Young Enthusiasts & Trendsetters,Potential / High-Engagement,Tier 3 - High Engagement,Standard,0.134,Gamified Mobile Engagement & Flash Social Drops,Mobile App Push / TikTok & Instagram Ads / SMS Alerts
CUST_0452,Female,46,74,90,32,246.4,92,17.3,53.2,0.43,17,6.6,7884.8,1,2,Young Enthusiasts & Trendsetters,Potential / High-Engagement,Tier 3 - High Engagement,High-Value,0.999,VIP Loyalty Concierge & Exclusive Retention,Dedicated Concierge / Private Invitation / SMS Preview
CUST_0453,Male,56,60,37,13,156.05,313,15.9,38.9,0.47,11,6.5,2028.65,0,0,Frugal Budget Conscious,Budget Shoppers,Tier 4 - Cost Sensitive,Standard,0.0,Smart Value & Price-Sensitive Promotional Campaigns,Weekly Promotional Email / Discount Catalog SMS
CUST_0454,Female,20,77,88,29,237.13,148,30.0,59.6,0.63,26,2.1,6876.77,1,1,Young Enthusiasts & Trendsetters,Potential / High-Engagement,Tier 3 - High Engagement,High-Value,0.996,VIP Loyalty Concierge & Exclusive Retention,Dedicated Concierge / Private Invitation / SMS Preview
CUST_0455,Male,49,67,49,22,172.94,263,19.7,41.0,0.56,11,8.1,3804.68,0,2,Young Enthusiasts & Trendsetters,Potential / High-Engagement,Tier 3 - High Engagement,Standard,0.0,Gamified Mobile Engagement & Flash Social Drops,Mobile App Push / TikTok & Instagram Ads / SMS Alerts
CUST_0456,Female,27,111,19,20,204.27,264,21.1,26.6,0.68,11,2.0,4085.4,0,4,Frugal Budget Conscious,Budget Shoppers,Tier 4 - Cost Sensitive,Standard,0.001,High-Value Upselling & Premium Basket Conversion,Curated Email Lookbooks / Targeted Category Highlights
CUST_0457,Male,27,64,89,35,239.38,170,14.3,59.2,0.51,20,2.8,8378.3,1,1,Young Enthusiasts & Trendsetters,Potential / High-Engagement,Tier 3 - High Engagement,High-Value,0.999,Gamified Mobile Engagement & Flash Social Drops,Mobile App Push / TikTok & Instagram Ads / SMS Alerts
CUST_0458,Female,36,50,85,28,207.22,132,16.5,61.8,0.4,17,4.1,5802.16,1,1,Young Enthusiasts & Trendsetters,Potential / High-Engagement,Tier 3 - High Engagement,High-Value,0.992,Gamified Mobile Engagement & Flash Social Drops,Mobile App Push / TikTok & Instagram Ads / SMS Alerts
CUST_0459,Male,63,64,12,12,92.83,310,26.8,36.6,0.28,4,9.2,1113.96,0,0,Frugal Budget Conscious,Budget Shoppers,Tier 4 - Cost Sensitive,Standard,0.0,Smart Value & Price-Sensitive Promotional Campaigns,Weekly Promotional Email / Discount Catalog SMS
CUST_0460,Male,51,77,61,29,226.08,207,23.5,24.9,0.49,15,5.8,6556.32,1,2,Young Enthusiasts & Trendsetters,Potential / High-Engagement,Tier 3 - High Engagement,High-Value,0.98,High-Value Upselling & Premium Basket Conversion,Curated Email Lookbooks / Targeted Category Highlights
CUST_0461,Male,50,62,41,15,177.81,231,20.3,40.7,0.36,6,7.2,2667.15,0,0,Frugal Budget Conscious,Budget Shoppers,Tier 4 - Cost Sensitive,Standard,0.0,Smart Value & Price-Sensitive Promotional Campaigns,Weekly Promotional Email / Discount Catalog SMS
CUST_0462,Female,40,61,33,17,180.52,281,16.9,47.7,0.36,5,4.1,3068.84,0,4,Frugal Budget Conscious,Budget Shoppers,Tier 4 - Cost Sensitive,Standard,0.001,Smart Value & Price-Sensitive Promotional Campaigns,Weekly Promotional Email / Discount Catalog SMS
CUST_0463,Female,45,44,50,20,156.8,233,18.1,59.1,0.44,9,4.8,3136.0,0,0,Frugal Budget Conscious,Budget Shoppers,Tier 4 - Cost Sensitive,Standard,0.0,Smart Value & Price-Sensitive Promotional Campaigns,Weekly Promotional Email / Discount Catalog SMS
CUST_0464,Female,49,45,68,27,176.47,223,16.3,56.3,0.59,14,7.3,4764.69,0,2,Young Enthusiasts & Trendsetters,Potential / High-Engagement,Tier 3 - High Engagement,Standard,0.026,Gamified Mobile Engagement & Flash Social Drops,Mobile App Push / TikTok & Instagram Ads / SMS Alerts
CUST_0465,Female,67,32,71,19,141.42,229,14.8,56.6,0.34,14,8.8,2686.98,0,2,Young Enthusiasts & Trendsetters,Potential / High-Engagement,Tier 3 - High Engagement,Standard,0.001,Gamified Mobile Engagement & Flash Social Drops,Mobile App Push / TikTok & Instagram Ads / SMS Alerts
CUST_0466,Male,24,133,86,30,363.66,190,19.8,59.3,0.52,17,4.3,10909.8,1,3,Affluent VIP Spenders,Premium / High-Value,Tier 1 - Highest Value,High-Value,0.998,VIP Loyalty Concierge & Exclusive Retention,Dedicated Concierge / Private Invitation / SMS Preview
CUST_0467,Male,46,34,33,13,112.6,213,21.5,49.4,0.49,1,4.8,1463.8,0,0,Frugal Budget Conscious,Budget Shoppers,Tier 4 - Cost Sensitive,Standard,0.0,Smart Value & Price-Sensitive Promotional Campaigns,Weekly Promotional Email / Discount Catalog SMS
CUST_0468,Female,25,44,81,27,198.33,130,22.0,64.7,0.57,17,2.9,5354.91,1,1,Young Enthusiasts & Trendsetters,Potential / High-Engagement,Tier 3 - High Engagement,High-Value,0.764,Gamified Mobile Engagement & Flash Social Drops,Mobile App Push / TikTok & Instagram Ads / SMS Alerts
CUST_0469,Male,18,44,24,15,103.88,235,17.7,37.7,0.31,10,0.8,1558.2,0,4,Frugal Budget Conscious,Budget Shoppers,Tier 4 - Cost Sensitive,Standard,0.0,Smart Value & Price-Sensitive Promotional Campaigns,Weekly Promotional Email / Discount Catalog SMS
CUST_0470,Female,20,90,61,25,226.25,173,18.5,36.8,0.69,13,1.9,5656.25,0,1,Young Enthusiasts & Trendsetters,Potential / High-Engagement,Tier 3 - High Engagement,Standard,0.264,High-Value Upselling & Premium Basket Conversion,Curated Email Lookbooks / Targeted Category Highlights
CUST_0471,Male,41,53,61,21,191.56,190,17.0,58.9,0.53,11,6.9,4022.76,0,1,Young Enthusiasts & Trendsetters,Potential / High-Engagement,Tier 3 - High Engagement,Standard,0.001,Gamified Mobile Engagement & Flash Social Drops,Mobile App Push / TikTok & Instagram Ads / SMS Alerts
CUST_0472,Female,40,106,98,35,291.39,127,14.1,57.7,0.47,22,6.5,10198.65,1,3,Affluent VIP Spenders,Premium / High-Value,Tier 1 - Highest Value,High-Value,0.999,VIP Loyalty Concierge & Exclusive Retention,Dedicated Concierge / Private Invitation / SMS Preview
CUST_0473,Male,25,45,28,13,148.95,278,25.7,45.8,0.72,11,1.7,1936.35,0,4,Frugal Budget Conscious,Budget Shoppers,Tier 4 - Cost Sensitive,Standard,0.001,Smart Value & Price-Sensitive Promotional Campaigns,Weekly Promotional Email / Discount Catalog SMS
CUST_0474,Female,64,68,58,27,223.67,202,18.7,35.0,0.52,11,9.1,6039.09,0,2,Young Enthusiasts & Trendsetters,Potential / High-Engagement,Tier 3 - High Engagement,Standard,0.113,Gamified Mobile Engagement & Flash Social Drops,Mobile App Push / TikTok & Instagram Ads / SMS Alerts
CUST_0475,Female,54,41,43,16,125.94,261,21.2,51.5,0.51,8,7.8,2015.04,0,0,Frugal Budget Conscious,Budget Shoppers,Tier 4 - Cost Sensitive,Standard,0.0,Smart Value & Price-Sensitive Promotional Campaigns,Weekly Promotional Email / Discount Catalog SMS
CUST_0476,Female,20,150,41,22,274.22,209,18.8,29.7,0.46,11,1.4,6032.84,0,3,Affluent VIP Spenders,Premium / High-Value,Tier 1 - Highest Value,Standard,0.024,VIP Loyalty Concierge & Exclusive Retention,Dedicated Concierge / Private Invitation / SMS Preview
CUST_0477,Male,68,35,39,16,77.83,240,19.9,54.1,0.19,5,8.4,1245.28,0,0,Frugal Budget Conscious,Budget Shoppers,Tier 4 - Cost Sensitive,Standard,0.0,Smart Value & Price-Sensitive Promotional Campaigns,Weekly Promotional Email / Discount Catalog SMS
CUST_0478,Female,50,69,86,29,213.97,130,19.2,50.7,0.58,17,8.0,6205.13,1,2,Young Enthusiasts & Trendsetters,Potential / High-Engagement,Tier 3 - High Engagement,High-Value,0.997,Gamified Mobile Engagement & Flash Social Drops,Mobile App Push / TikTok & Instagram Ads / SMS Alerts
CUST_0479,Female,45,80,49,15,214.39,234,13.5,44.1,0.16,6,7.5,3215.85,0,2,Young Enthusiasts & Trendsetters,Potential / High-Engagement,Tier 3 - High Engagement,Standard,0.001,High-Value Upselling & Premium Basket Conversion,Curated Email Lookbooks / Targeted Category Highlights
CUST_0480,Female,64,73,17,11,147.73,324,14.5,34.5,0.31,8,10.4,1625.03,0,0,Frugal Budget Conscious,Budget Shoppers,Tier 4 - Cost Sensitive,Standard,0.001,High-Value Upselling & Premium Basket Conversion,Curated Email Lookbooks / Targeted Category Highlights
CUST_0481,Female,25,56,98,30,247.61,160,14.8,51.6,0.62,23,3.9,7428.3,1,1,Young Enthusiasts & Trendsetters,Potential / High-Engagement,Tier 3 - High Engagement,High-Value,0.998,Gamified Mobile Engagement & Flash Social Drops,Mobile App Push / TikTok & Instagram Ads / SMS Alerts
CUST_0482,Female,51,57,70,22,160.31,213,21.0,60.7,0.15,12,7.4,3526.82,0,2,Young Enthusiasts & Trendsetters,Potential / High-Engagement,Tier 3 - High Engagement,Standard,0.001,Gamified Mobile Engagement & Flash Social Drops,Mobile App Push / TikTok & Instagram Ads / SMS Alerts
CUST_0483,Female,52,62,70,27,196.71,163,18.7,54.3,0.44,16,6.6,5311.17,0,2,Young Enthusiasts & Trendsetters,Potential / High-Engagement,Tier 3 - High Engagement,Standard,0.09,Gamified Mobile Engagement & Flash Social Drops,Mobile App Push / TikTok & Instagram Ads / SMS Alerts
CUST_0484,Female,49,56,98,28,265.09,107,15.0,59.3,0.56,21,5.7,7422.52,1,2,Young Enthusiasts & Trendsetters,Potential / High-Engagement,Tier 3 - High Engagement,High-Value,0.999,Gamified Mobile Engagement & Flash Social Drops,Mobile App Push / TikTok & Instagram Ads / SMS Alerts
CUST_0485,Female,41,93,65,26,241.14,189,19.7,41.6,0.24,13,4.2,6269.64,1,3,Affluent VIP Spenders,Premium / High-Value,Tier 1 - Highest Value,High-Value,0.963,VIP Loyalty Concierge & Exclusive Retention,Dedicated Concierge / Private Invitation / SMS Preview
CUST_0486,Female,31,150,74,31,315.55,161,17.7,33.4,0.77,16,4.5,9782.05,1,3,Affluent VIP Spenders,Premium / High-Value,Tier 1 - Highest Value,High-Value,0.998,VIP Loyalty Concierge & Exclusive Retention,Dedicated Concierge / Private Invitation / SMS Preview
CUST_0487,Male,49,47,85,27,202.68,156,16.2,61.2,0.27,20,7.5,5472.36,1,2,Young Enthusiasts & Trendsetters,Potential / High-Engagement,Tier 3 - High Engagement,High-Value,0.981,Gamified Mobile Engagement & Flash Social Drops,Mobile App Push / TikTok & Instagram Ads / SMS Alerts
CUST_0488,Male,63,33,5,7,48.75,296,19.3,60.8,0.43,8,9.7,341.25,0,0,Frugal Budget Conscious,Budget Shoppers,Tier 4 - Cost Sensitive,Standard,0.0,Smart Value & Price-Sensitive Promotional Campaigns,Weekly Promotional Email / Discount Catalog SMS
CUST_0489,Female,60,58,2,3,103.38,365,20.8,46.1,0.34,2,9.5,310.14,0,0,Frugal Budget Conscious,Budget Shoppers,Tier 4 - Cost Sensitive,Standard,0.0,Smart Value & Price-Sensitive Promotional Campaigns,Weekly Promotional Email / Discount Catalog SMS
CUST_0490,Female,33,150,22,19,263.41,360,12.1,19.1,0.52,5,5.4,5004.79,0,3,Affluent VIP Spenders,Premium / High-Value,Tier 1 - Highest Value,Standard,0.026,VIP Loyalty Concierge & Exclusive Retention,Dedicated Concierge / Private Invitation / SMS Preview
CUST_0491,Female,21,42,57,26,166.37,211,21.4,50.2,0.39,14,3.9,4325.62,0,1,Young Enthusiasts & Trendsetters,Potential / High-Engagement,Tier 3 - High Engagement,Standard,0.006,Gamified Mobile Engagement & Flash Social Drops,Mobile App Push / TikTok & Instagram Ads / SMS Alerts
CUST_0492,Female,69,126,66,23,269.09,188,17.5,32.0,0.49,13,8.9,6189.07,1,3,Affluent VIP Spenders,Premium / High-Value,Tier 1 - Highest Value,High-Value,0.857,VIP Loyalty Concierge & Exclusive Retention,Dedicated Concierge / Private Invitation / SMS Preview
CUST_0493,Male,54,128,74,30,299.43,181,12.2,38.1,0.44,10,8.2,8982.9,1,3,Affluent VIP Spenders,Premium / High-Value,Tier 1 - Highest Value,High-Value,0.986,VIP Loyalty Concierge & Exclusive Retention,Dedicated Concierge / Private Invitation / SMS Preview
CUST_0494,Male,38,47,98,33,246.22,145,19.8,56.0,0.73,19,5.3,8125.26,1,1,Young Enthusiasts & Trendsetters,Potential / High-Engagement,Tier 3 - High Engagement,High-Value,0.999,Gamified Mobile Engagement & Flash Social Drops,Mobile App Push / TikTok & Instagram Ads / SMS Alerts
CUST_0495,Female,31,78,16,13,120.25,314,19.4,43.0,0.33,9,3.2,1563.25,0,4,Frugal Budget Conscious,Budget Shoppers,Tier 4 - Cost Sensitive,Standard,0.0,High-Value Upselling & Premium Basket Conversion,Curated Email Lookbooks / Targeted Category Highlights
CUST_0496,Male,48,126,51,26,250.88,263,13.8,14.4,0.4,8,7.9,6522.88,0,3,Affluent VIP Spenders,Premium / High-Value,Tier 1 - Highest Value,Standard,0.244,VIP Loyalty Concierge & Exclusive Retention,Dedicated Concierge / Private Invitation / SMS Preview
CUST_0497,Female,65,51,39,8,145.82,280,16.6,54.1,0.36,10,10.2,1166.56,0,0,Frugal Budget Conscious,Budget Shoppers,Tier 4 - Cost Sensitive,Standard,0.001,Smart Value & Price-Sensitive Promotional Campaigns,Weekly Promotional Email / Discount Catalog SMS
CUST_0498,Male,35,55,86,29,223.99,216,14.6,60.5,0.51,20,3.4,6495.71,1,1,Young Enthusiasts & Trendsetters,Potential / High-Engagement,Tier 3 - High Engagement,High-Value,0.996,Gamified Mobile Engagement & Flash Social Drops,Mobile App Push / TikTok & Instagram Ads / SMS Alerts
CUST_0499,Female,24,46,76,22,180.15,161,17.2,68.4,0.66,24,1.5,3963.3,0,1,Young Enthusiasts & Trendsetters,Potential / High-Engagement,Tier 3 - High Engagement,Standard,0.008,Gamified Mobile Engagement & Flash Social Drops,Mobile App Push / TikTok & Instagram Ads / SMS Alerts
CUST_0500,Female,27,38,88,28,190.51,81,19.2,69.5,0.52,22,3.9,5334.28,1,1,Young Enthusiasts & Trendsetters,Potential / High-Engagement,Tier 3 - High Engagement,High-Value,0.99,Gamified Mobile Engagement & Flash Social Drops,Mobile App Push / TikTok & Instagram Ads / SMS Alerts
CUST_0501,Female,24,45,40,15,145.11,220,16.8,45.9,0.88,10,3.2,2176.65,0,4,Frugal Budget Conscious,Budget Shoppers,Tier 4 - Cost Sensitive,Standard,0.001,Smart Value & Price-Sensitive Promotional Campaigns,Weekly Promotional Email / Discount Catalog SMS
CUST_0502,Female,50,35,38,21,133.62,268,13.4,59.3,0.42,10,8.1,2806.02,0,0,Frugal Budget Conscious,Budget Shoppers,Tier 4 - Cost Sensitive,Standard,0.0,Smart Value & Price-Sensitive Promotional Campaigns,Weekly Promotional Email / Discount Catalog SMS
CUST_0503,Male,40,61,60,23,166.76,243,15.7,50.4,0.04,16,4.5,3835.48,0,1,Young Enthusiasts & Trendsetters,Potential / High-Engagement,Tier 3 - High Engagement,Standard,0.002,Gamified Mobile Engagement & Flash Social Drops,Mobile App Push / TikTok & Instagram Ads / SMS Alerts
CUST_0504,Female,38,43,59,19,167.27,195,17.4,40.1,0.5,17,3.8,3178.13,0,1,Young Enthusiasts & Trendsetters,Potential / High-Engagement,Tier 3 - High Engagement,Standard,0.001,Gamified Mobile Engagement & Flash Social Drops,Mobile App Push / TikTok & Instagram Ads / SMS Alerts
CUST_0505,Female,36,67,10,5,152.28,333,21.5,41.7,0.68,4,4.0,761.4,0,4,Frugal Budget Conscious,Budget Shoppers,Tier 4 - Cost Sensitive,Standard,0.001,Smart Value & Price-Sensitive Promotional Campaigns,Weekly Promotional Email / Discount Catalog SMS
CUST_0506,Male,65,30,99,29,198.4,133,21.9,61.5,0.19,13,7.6,5753.6,1,2,Young Enthusiasts & Trendsetters,Potential / High-Engagement,Tier 3 - High Engagement,High-Value,0.969,Gamified Mobile Engagement & Flash Social Drops,Mobile App Push / TikTok & Instagram Ads / SMS Alerts
CUST_0507,Female,36,70,64,26,185.88,173,21.5,50.6,0.35,11,3.3,4832.88,0,1,Young Enthusiasts & Trendsetters,Potential / High-Engagement,Tier 3 - High Engagement,Standard,0.005,High-Value Upselling & Premium Basket Conversion,Curated Email Lookbooks / Targeted Category Highlights
CUST_0508,Female,53,88,63,24,210.13,186,14.6,59.6,0.27,17,8.5,5043.12,0,2,Young Enthusiasts & Trendsetters,Potential / High-Engagement,Tier 3 - High Engagement,Standard,0.013,High-Value Upselling & Premium Basket Conversion,Curated Email Lookbooks / Targeted Category Highlights
CUST_0509,Female,46,25,49,14,115.1,205,20.2,59.4,0.28,13,5.8,1611.4,0,0,Frugal Budget Conscious,Budget Shoppers,Tier 4 - Cost Sensitive,Standard,0.001,Smart Value & Price-Sensitive Promotional Campaigns,Weekly Promotional Email / Discount Catalog SMS
CUST_0510,Female,35,71,64,21,229.68,237,8.4,42.2,0.43,12,4.3,4823.28,0,1,Young Enthusiasts & Trendsetters,Potential / High-Engagement,Tier 3 - High Engagement,Standard,0.002,High-Value Upselling & Premium Basket Conversion,Curated Email Lookbooks / Targeted Category Highlights
CUST_0511,Female,19,105,32,19,210.52,329,18.7,44.1,0.73,12,0.7,3999.88,0,4,Frugal Budget Conscious,Budget Shoppers,Tier 4 - Cost Sensitive,Standard,0.001,High-Value Upselling & Premium Basket Conversion,Curated Email Lookbooks / Targeted Category Highlights
CUST_0512,Male,18,35,7,9,73.91,300,21.8,49.9,0.83,8,1.3,665.19,0,4,Frugal Budget Conscious,Budget Shoppers,Tier 4 - Cost Sensitive,Standard,0.001,Smart Value & Price-Sensitive Promotional Campaigns,Weekly Promotional Email / Discount Catalog SMS
CUST_0513,Female,64,128,21,21,208.98,307,14.8,20.0,0.0,1,9.8,4388.58,0,3,Affluent VIP Spenders,Premium / High-Value,Tier 1 - Highest Value,Standard,0.001,VIP Loyalty Concierge & Exclusive Retention,Dedicated Concierge / Private Invitation / SMS Preview
CUST_0514,Female,22,73,20,9,165.59,356,19.2,28.3,0.52,10,2.9,1490.31,0,4,Frugal Budget Conscious,Budget Shoppers,Tier 4 - Cost Sensitive,Standard,0.0,High-Value Upselling & Premium Basket Conversion,Curated Email Lookbooks / Targeted Category Highlights
CUST_0515,Male,37,44,26,13,89.05,311,13.0,40.9,0.53,9,5.6,1157.65,0,4,Frugal Budget Conscious,Budget Shoppers,Tier 4 - Cost Sensitive,Standard,0.001,Smart Value & Price-Sensitive Promotional Campaigns,Weekly Promotional Email / Discount Catalog SMS
CUST_0516,Male,28,59,68,23,187.1,177,15.3,60.5,0.57,22,3.3,4303.3,0,1,Young Enthusiasts & Trendsetters,Potential / High-Engagement,Tier 3 - High Engagement,Standard,0.01,Gamified Mobile Engagement & Flash Social Drops,Mobile App Push / TikTok & Instagram Ads / SMS Alerts
CUST_0517,Male,59,78,86,29,264.93,99,21.0,50.8,0.65,13,7.6,7682.97,1,2,Young Enthusiasts & Trendsetters,Potential / High-Engagement,Tier 3 - High Engagement,High-Value,0.998,VIP Loyalty Concierge & Exclusive Retention,Dedicated Concierge / Private Invitation / SMS Preview
CUST_0518,Female,19,62,15,11,81.34,361,20.5,43.2,0.29,4,2.1,894.74,0,4,Frugal Budget Conscious,Budget Shoppers,Tier 4 - Cost Sensitive,Standard,0.0,Smart Value & Price-Sensitive Promotional Campaigns,Weekly Promotional Email / Discount Catalog SMS
CUST_0519,Female,20,77,85,30,252.83,159,16.3,42.5,0.2,17,1.8,7584.9,1,1,Young Enthusiasts & Trendsetters,Potential / High-Engagement,Tier 3 - High Engagement,High-Value,0.998,VIP Loyalty Concierge & Exclusive Retention,Dedicated Concierge / Private Invitation / SMS Preview
CUST_0520,Male,40,40,79,26,164.76,119,22.4,67.2,0.78,13,6.3,4283.76,0,1,Young Enthusiasts & Trendsetters,Potential / High-Engagement,Tier 3 - High Engagement,Standard,0.064,Gamified Mobile Engagement & Flash Social Drops,Mobile App Push / TikTok & Instagram Ads / SMS Alerts
CUST_0521,Female,29,65,86,25,233.41,181,18.9,40.0,0.65,17,3.0,5835.25,1,1,Young Enthusiasts & Trendsetters,Potential / High-Engagement,Tier 3 - High Engagement,High-Value,0.889,Gamified Mobile Engagement & Flash Social Drops,Mobile App Push / TikTok & Instagram Ads / SMS Alerts
CUST_0522,Male,37,32,92,25,186.14,82,17.4,59.4,0.4,15,5.3,4653.5,0,1,Young Enthusiasts & Trendsetters,Potential / High-Engagement,Tier 3 - High Engagement,Standard,0.125,Gamified Mobile Engagement & Flash Social Drops,Mobile App Push / TikTok & Instagram Ads / SMS Alerts
CUST_0523,Female,22,57,14,14,155.34,323,17.9,46.8,0.6,11,1.5,2174.76,0,4,Frugal Budget Conscious,Budget Shoppers,Tier 4 - Cost Sensitive,Standard,0.001,Smart Value & Price-Sensitive Promotional Campaigns,Weekly Promotional Email / Discount Catalog SMS
CUST_0524,Female,54,40,27,11,99.67,288,17.3,40.9,0.43,3,8.0,1096.37,0,0,Frugal Budget Conscious,Budget Shoppers,Tier 4 - Cost Sensitive,Standard,0.0,Smart Value & Price-Sensitive Promotional Campaigns,Weekly Promotional Email / Discount Catalog SMS
CUST_0525,Female,55,43,40,16,168.33,311,14.3,56.7,0.3,8,8.8,2693.28,0,0,Frugal Budget Conscious,Budget Shoppers,Tier 4 - Cost Sensitive,Standard,0.001,Smart Value & Price-Sensitive Promotional Campaigns,Weekly Promotional Email / Discount Catalog SMS
CUST_0526,Female,47,105,58,27,262.07,209,22.0,34.6,0.45,18,6.7,7075.89,1,3,Affluent VIP Spenders,Premium / High-Value,Tier 1 - Highest Value,High-Value,0.976,VIP Loyalty Concierge & Exclusive Retention,Dedicated Concierge / Private Invitation / SMS Preview
CUST_0527,Male,26,99,28,18,180.42,286,14.9,27.1,0.6,12,3.4,3247.56,0,4,Frugal Budget Conscious,Budget Shoppers,Tier 4 - Cost Sensitive,Standard,0.001,High-Value Upselling & Premium Basket Conversion,Curated Email Lookbooks / Targeted Category Highlights
CUST_0528,Male,51,79,26,16,170.43,258,14.5,51.3,0.71,8,8.3,2726.88,0,0,Frugal Budget Conscious,Budget Shoppers,Tier 4 - Cost Sensitive,Standard,0.001,High-Value Upselling & Premium Basket Conversion,Curated Email Lookbooks / Targeted Category Highlights
CUST_0529,Male,70,37,63,23,151.0,185,13.1,58.9,0.44,15,10.2,3473.0,0,2,Young Enthusiasts & Trendsetters,Potential / High-Engagement,Tier 3 - High Engagement,Standard,0.003,Gamified Mobile Engagement & Flash Social Drops,Mobile App Push / TikTok & Instagram Ads / SMS Alerts
CUST_0530,Female,61,52,66,16,188.66,172,8.2,59.1,0.61,15,7.7,3018.56,0,2,Young Enthusiasts & Trendsetters,Potential / High-Engagement,Tier 3 - High Engagement,Standard,0.001,Gamified Mobile Engagement & Flash Social Drops,Mobile App Push / TikTok & Instagram Ads / SMS Alerts
CUST_0531,Female,52,104,25,14,185.07,278,19.8,43.4,0.2,8,6.5,2590.98,0,3,Affluent VIP Spenders,Premium / High-Value,Tier 1 - Highest Value,Standard,0.0,VIP Loyalty Concierge & Exclusive Retention,Dedicated Concierge / Private Invitation / SMS Preview
CUST_0532,Female,69,64,3,9,140.9,358,21.5,18.8,0.25,0,10.3,1268.1,0,0,Frugal Budget Conscious,Budget Shoppers,Tier 4 - Cost Sensitive,Standard,0.0,Smart Value & Price-Sensitive Promotional Campaigns,Weekly Promotional Email / Discount Catalog SMS
CUST_0533,Female,39,150,72,35,356.51,108,20.3,39.5,0.51,15,5.9,12477.85,1,3,Affluent VIP Spenders,Premium / High-Value,Tier 1 - Highest Value,High-Value,0.998,VIP Loyalty Concierge & Exclusive Retention,Dedicated Concierge / Private Invitation / SMS Preview
CUST_0534,Female,61,72,44,18,181.08,207,17.5,40.0,0.06,8,7.9,3259.44,0,0,Frugal Budget Conscious,Budget Shoppers,Tier 4 - Cost Sensitive,Standard,0.0,High-Value Upselling & Premium Basket Conversion,Curated Email Lookbooks / Targeted Category Highlights
CUST_0535,Female,41,66,97,28,285.64,114,17.0,53.0,0.64,17,5.0,7997.92,1,1,Young Enthusiasts & Trendsetters,Potential / High-Engagement,Tier 3 - High Engagement,High-Value,0.999,Gamified Mobile Engagement & Flash Social Drops,Mobile App Push / TikTok & Instagram Ads / SMS Alerts
CUST_0536,Female,34,53,42,14,150.78,261,16.7,53.5,0.6,12,5.9,2110.92,0,4,Frugal Budget Conscious,Budget Shoppers,Tier 4 - Cost Sensitive,Standard,0.001,Smart Value & Price-Sensitive Promotional Campaigns,Weekly Promotional Email / Discount Catalog SMS
CUST_0537,Female,27,64,99,34,273.05,105,16.7,56.0,0.49,22,2.2,9283.7,1,1,Young Enthusiasts & Trendsetters,Potential / High-Engagement,Tier 3 - High Engagement,High-Value,0.999,Gamified Mobile Engagement & Flash Social Drops,Mobile App Push / TikTok & Instagram Ads / SMS Alerts
CUST_0538,Male,47,56,6,7,100.51,348,23.1,46.8,0.4,0,6.1,703.57,0,0,Frugal Budget Conscious,Budget Shoppers,Tier 4 - Cost Sensitive,Standard,0.0,Smart Value & Price-Sensitive Promotional Campaigns,Weekly Promotional Email / Discount Catalog SMS
CUST_0539,Female,63,83,39,18,197.12,253,17.6,42.4,0.53,12,7.4,3548.16,0,0,Frugal Budget Conscious,Budget Shoppers,Tier 4 - Cost Sensitive,Standard,0.0,High-Value Upselling & Premium Basket Conversion,Curated Email Lookbooks / Targeted Category Highlights
CUST_0540,Male,40,93,52,24,221.93,232,18.9,44.4,0.35,13,6.3,5326.32,0,3,Affluent VIP Spenders,Premium / High-Value,Tier 1 - Highest Value,Standard,0.009,VIP Loyalty Concierge & Exclusive Retention,Dedicated Concierge / Private Invitation / SMS Preview
CUST_0541,Female,49,42,23,2,106.41,319,17.3,44.7,0.61,6,5.4,212.82,0,0,Frugal Budget Conscious,Budget Shoppers,Tier 4 - Cost Sensitive,Standard,0.0,Smart Value & Price-Sensitive Promotional Campaigns,Weekly Promotional Email / Discount Catalog SMS
CUST_0542,Female,34,33,89,33,193.58,150,24.7,55.3,0.47,19,4.9,6388.14,1,1,Young Enthusiasts & Trendsetters,Potential / High-Engagement,Tier 3 - High Engagement,High-Value,0.984,Gamified Mobile Engagement & Flash Social Drops,Mobile App Push / TikTok & Instagram Ads / SMS Alerts
CUST_0543,Male,67,26,50,14,107.9,217,12.0,51.6,0.43,11,8.0,1510.6,0,0,Frugal Budget Conscious,Budget Shoppers,Tier 4 - Cost Sensitive,Standard,0.001,Smart Value & Price-Sensitive Promotional Campaigns,Weekly Promotional Email / Discount Catalog SMS
CUST_0544,Female,68,76,43,19,176.85,283,13.1,44.2,0.32,2,10.0,3360.15,0,0,Frugal Budget Conscious,Budget Shoppers,Tier 4 - Cost Sensitive,Standard,0.001,High-Value Upselling & Premium Basket Conversion,Curated Email Lookbooks / Targeted Category Highlights
CUST_0545,Female,34,37,19,4,86.76,321,20.8,63.6,0.84,8,5.4,347.04,0,4,Frugal Budget Conscious,Budget Shoppers,Tier 4 - Cost Sensitive,Standard,0.001,Smart Value & Price-Sensitive Promotional Campaigns,Weekly Promotional Email / Discount Catalog SMS
CUST_0546,Male,31,23,69,20,149.95,226,26.7,73.8,0.39,12,3.6,2999.0,0,1,Young Enthusiasts & Trendsetters,Potential / High-Engagement,Tier 3 - High Engagement,Standard,0.001,Gamified Mobile Engagement & Flash Social Drops,Mobile App Push / TikTok & Instagram Ads / SMS Alerts
CUST_0547,Male,26,72,51,24,190.33,278,17.2,42.3,0.47,22,3.3,4567.92,0,1,Young Enthusiasts & Trendsetters,Potential / High-Engagement,Tier 3 - High Engagement,Standard,0.009,High-Value Upselling & Premium Basket Conversion,Curated Email Lookbooks / Targeted Category Highlights
CUST_0548,Female,57,150,11,10,269.96,294,12.1,22.7,0.15,4,7.6,2699.6,0,3,Affluent VIP Spenders,Premium / High-Value,Tier 1 - Highest Value,Standard,0.017,VIP Loyalty Concierge & Exclusive Retention,Dedicated Concierge / Private Invitation / SMS Preview
CUST_0549,Female,19,60,12,13,131.61,309,22.5,40.1,0.43,6,1.6,1710.93,0,4,Frugal Budget Conscious,Budget Shoppers,Tier 4 - Cost Sensitive,Standard,0.0,Smart Value & Price-Sensitive Promotional Campaigns,Weekly Promotional Email / Discount Catalog SMS
CUST_0550,Female,62,88,74,26,245.22,200,18.9,49.6,0.45,23,9.5,6375.72,1,2,Young Enthusiasts & Trendsetters,Potential / High-Engagement,Tier 3 - High Engagement,High-Value,0.865,VIP Loyalty Concierge & Exclusive Retention,Dedicated Concierge / Private Invitation / SMS Preview
CUST_0551,Female,42,63,8,10,140.75,295,23.6,43.0,0.7,4,4.9,1407.5,0,4,Frugal Budget Conscious,Budget Shoppers,Tier 4 - Cost Sensitive,Standard,0.0,Smart Value & Price-Sensitive Promotional Campaigns,Weekly Promotional Email / Discount Catalog SMS
CUST_0552,Female,56,58,24,14,167.16,346,13.4,49.5,0.5,5,8.4,2340.24,0,0,Frugal Budget Conscious,Budget Shoppers,Tier 4 - Cost Sensitive,Standard,0.001,Smart Value & Price-Sensitive Promotional Campaigns,Weekly Promotional Email / Discount Catalog SMS
CUST_0553,Female,26,91,92,33,239.72,120,22.3,28.3,0.55,20,2.3,7910.76,1,1,Young Enthusiasts & Trendsetters,Potential / High-Engagement,Tier 3 - High Engagement,High-Value,0.999,VIP Loyalty Concierge & Exclusive Retention,Dedicated Concierge / Private Invitation / SMS Preview
CUST_0554,Female,39,53,41,13,166.44,277,12.5,52.7,0.34,8,4.4,2163.72,0,4,Frugal Budget Conscious,Budget Shoppers,Tier 4 - Cost Sensitive,Standard,0.001,Smart Value & Price-Sensitive Promotional Campaigns,Weekly Promotional Email / Discount Catalog SMS
CUST_0555,Female,60,68,36,15,148.66,270,17.1,42.2,0.49,8,7.8,2229.9,0,0,Frugal Budget Conscious,Budget Shoppers,Tier 4 - Cost Sensitive,Standard,0.0,Smart Value & Price-Sensitive Promotional Campaigns,Weekly Promotional Email / Discount Catalog SMS
CUST_0556,Male,63,70,85,24,255.0,106,19.8,49.1,0.2,7,9.0,6120.0,1,2,Young Enthusiasts & Trendsetters,Potential / High-Engagement,Tier 3 - High Engagement,High-Value,0.866,VIP Loyalty Concierge & Exclusive Retention,Dedicated Concierge / Private Invitation / SMS Preview
CUST_0557,Male,21,45,72,25,207.21,213,19.7,64.1,0.38,21,2.3,5180.25,0,1,Young Enthusiasts & Trendsetters,Potential / High-Engagement,Tier 3 - High Engagement,Standard,0.19,Gamified Mobile Engagement & Flash Social Drops,Mobile App Push / TikTok & Instagram Ads / SMS Alerts
CUST_0558,Male,43,94,55,28,212.0,307,21.6,55.2,0.41,9,6.5,5936.0,0,3,Affluent VIP Spenders,Premium / High-Value,Tier 1 - Highest Value,Standard,0.018,VIP Loyalty Concierge & Exclusive Retention,Dedicated Concierge / Private Invitation / SMS Preview
CUST_0559,Female,46,56,9,3,67.19,327,11.3,48.2,0.13,4,5.3,201.57,0,0,Frugal Budget Conscious,Budget Shoppers,Tier 4 - Cost Sensitive,Standard,0.001,Smart Value & Price-Sensitive Promotional Campaigns,Weekly Promotional Email / Discount Catalog SMS
CUST_0560,Female,62,43,47,15,158.69,235,19.6,49.0,0.14,10,7.1,2380.35,0,0,Frugal Budget Conscious,Budget Shoppers,Tier 4 - Cost Sensitive,Standard,0.0,Smart Value & Price-Sensitive Promotional Campaigns,Weekly Promotional Email / Discount Catalog SMS
CUST_0561,Female,51,77,15,11,147.06,247,22.7,30.6,0.69,4,7.8,1617.66,0,0,Frugal Budget Conscious,Budget Shoppers,Tier 4 - Cost Sensitive,Standard,0.0,High-Value Upselling & Premium Basket Conversion,Curated Email Lookbooks / Targeted Category Highlights
CUST_0562,Male,40,40,48,17,105.67,283,19.4,30.0,0.24,11,6.3,1796.39,0,4,Frugal Budget Conscious,Budget Shoppers,Tier 4 - Cost Sensitive,Standard,0.0,Smart Value & Price-Sensitive Promotional Campaigns,Weekly Promotional Email / Discount Catalog SMS
CUST_0563,Male,54,61,82,30,271.74,183,13.9,57.6,0.21,12,6.1,8152.2,1,2,Young Enthusiasts & Trendsetters,Potential / High-Engagement,Tier 3 - High Engagement,High-Value,0.988,Gamified Mobile Engagement & Flash Social Drops,Mobile App Push / TikTok & Instagram Ads / SMS Alerts
CUST_0564,Male,28,60,42,16,172.16,206,22.5,53.0,0.55,19,3.8,2754.56,0,4,Frugal Budget Conscious,Budget Shoppers,Tier 4 - Cost Sensitive,Standard,0.002,Smart Value & Price-Sensitive Promotional Campaigns,Weekly Promotional Email / Discount Catalog SMS
CUST_0565,Male,23,98,60,23,256.36,150,14.6,42.7,0.59,17,2.4,5896.28,1,1,Young Enthusiasts & Trendsetters,Potential / High-Engagement,Tier 3 - High Engagement,High-Value,0.924,High-Value Upselling & Premium Basket Conversion,Curated Email Lookbooks / Targeted Category Highlights
CUST_0566,Female,35,75,84,32,272.21,92,14.7,60.9,0.46,14,5.4,8710.72,1,1,Young Enthusiasts & Trendsetters,Potential / High-Engagement,Tier 3 - High Engagement,High-Value,0.999,VIP Loyalty Concierge & Exclusive Retention,Dedicated Concierge / Private Invitation / SMS Preview
CUST_0567,Male,38,60,70,26,190.05,206,14.7,43.4,0.18,16,6.1,4941.3,0,1,Young Enthusiasts & Trendsetters,Potential / High-Engagement,Tier 3 - High Engagement,Standard,0.01,Gamified Mobile Engagement & Flash Social Drops,Mobile App Push / TikTok & Instagram Ads / SMS Alerts
CUST_0568,Male,59,87,12,13,157.28,357,16.8,35.0,0.49,0,9.2,2044.64,0,0,Frugal Budget Conscious,Budget Shoppers,Tier 4 - Cost Sensitive,Standard,0.001,High-Value Upselling & Premium Basket Conversion,Curated Email Lookbooks / Targeted Category Highlights
CUST_0569,Female,53,113,2,11,151.8,332,17.5,26.6,0.33,8,8.1,1669.8,0,3,Affluent VIP Spenders,Premium / High-Value,Tier 1 - Highest Value,Standard,0.0,VIP Loyalty Concierge & Exclusive Retention,Dedicated Concierge / Private Invitation / SMS Preview
CUST_0570,Male,58,78,7,12,121.67,362,12.8,36.5,0.55,3,7.3,1460.04,0,0,Frugal Budget Conscious,Budget Shoppers,Tier 4 - Cost Sensitive,Standard,0.001,High-Value Upselling & Premium Basket Conversion,Curated Email Lookbooks / Targeted Category Highlights
CUST_0571,Female,55,61,80,24,225.86,165,14.2,65.1,0.29,11,8.5,5420.64,0,2,Young Enthusiasts & Trendsetters,Potential / High-Engagement,Tier 3 - High Engagement,Standard,0.011,Gamified Mobile Engagement & Flash Social Drops,Mobile App Push / TikTok & Instagram Ads / SMS Alerts
CUST_0572,Female,51,33,3,3,27.86,346,16.6,45.8,0.56,5,7.1,83.58,0,0,Frugal Budget Conscious,Budget Shoppers,Tier 4 - Cost Sensitive,Standard,0.001,Smart Value & Price-Sensitive Promotional Campaigns,Weekly Promotional Email / Discount Catalog SMS
CUST_0573,Male,34,37,3,8,54.37,365,15.4,43.4,0.7,5,3.1,434.96,0,4,Frugal Budget Conscious,Budget Shoppers,Tier 4 - Cost Sensitive,Standard,0.001,Smart Value & Price-Sensitive Promotional Campaigns,Weekly Promotional Email / Discount Catalog SMS
CUST_0574,Female,54,53,27,8,108.24,260,18.9,39.5,0.32,2,7.3,865.92,0,0,Frugal Budget Conscious,Budget Shoppers,Tier 4 - Cost Sensitive,Standard,0.0,Smart Value & Price-Sensitive Promotional Campaigns,Weekly Promotional Email / Discount Catalog SMS
CUST_0575,Female,42,46,40,16,138.77,297,20.4,61.7,0.59,11,6.9,2220.32,0,4,Frugal Budget Conscious,Budget Shoppers,Tier 4 - Cost Sensitive,Standard,0.0,Smart Value & Price-Sensitive Promotional Campaigns,Weekly Promotional Email / Discount Catalog SMS
CUST_0576,Female,55,55,33,13,150.25,259,19.6,36.3,0.19,8,8.7,1953.25,0,0,Frugal Budget Conscious,Budget Shoppers,Tier 4 - Cost Sensitive,Standard,0.0,Smart Value & Price-Sensitive Promotional Campaigns,Weekly Promotional Email / Discount Catalog SMS
CUST_0577,Male,29,62,92,25,252.47,183,19.3,53.5,0.57,23,2.5,6311.75,1,1,Young Enthusiasts & Trendsetters,Potential / High-Engagement,Tier 3 - High Engagement,High-Value,0.938,Gamified Mobile Engagement & Flash Social Drops,Mobile App Push / TikTok & Instagram Ads / SMS Alerts
CUST_0578,Female,40,77,1,5,143.33,332,24.6,50.0,0.65,5,6.0,716.65,0,4,Frugal Budget Conscious,Budget Shoppers,Tier 4 - Cost Sensitive,Standard,0.0,High-Value Upselling & Premium Basket Conversion,Curated Email Lookbooks / Targeted Category Highlights
CUST_0579,Female,70,58,8,8,133.15,334,20.3,45.8,0.38,2,10.7,1065.2,0,0,Frugal Budget Conscious,Budget Shoppers,Tier 4 - Cost Sensitive,Standard,0.0,Smart Value & Price-Sensitive Promotional Campaigns,Weekly Promotional Email / Discount Catalog SMS
CUST_0580,Male,59,75,32,19,179.03,285,21.1,42.9,0.72,7,7.5,3401.57,0,0,Frugal Budget Conscious,Budget Shoppers,Tier 4 - Cost Sensitive,Standard,0.0,High-Value Upselling & Premium Basket Conversion,Curated Email Lookbooks / Targeted Category Highlights
CUST_0581,Female,39,62,48,17,209.38,244,16.8,49.3,0.56,16,5.1,3559.46,0,4,Frugal Budget Conscious,Budget Shoppers,Tier 4 - Cost Sensitive,Standard,0.002,Smart Value & Price-Sensitive Promotional Campaigns,Weekly Promotional Email / Discount Catalog SMS
CUST_0582,Female,38,25,4,8,53.2,365,23.4,41.0,0.43,4,5.6,425.6,0,4,Frugal Budget Conscious,Budget Shoppers,Tier 4 - Cost Sensitive,Standard,0.0,Smart Value & Price-Sensitive Promotional Campaigns,Weekly Promotional Email / Discount Catalog SMS
CUST_0583,Female,44,40,94,29,204.57,86,17.3,62.7,0.87,19,5.7,5932.53,1,2,Young Enthusiasts & Trendsetters,Potential / High-Engagement,Tier 3 - High Engagement,High-Value,0.998,Gamified Mobile Engagement & Flash Social Drops,Mobile App Push / TikTok & Instagram Ads / SMS Alerts
CUST_0584,Male,48,57,70,28,209.37,185,20.2,51.9,0.67,15,5.3,5862.36,1,2,Young Enthusiasts & Trendsetters,Potential / High-Engagement,Tier 3 - High Engagement,High-Value,0.949,Gamified Mobile Engagement & Flash Social Drops,Mobile App Push / TikTok & Instagram Ads / SMS Alerts
CUST_0585,Female,23,35,19,7,83.8,321,13.8,50.8,0.33,11,3.4,586.6,0,4,Frugal Budget Conscious,Budget Shoppers,Tier 4 - Cost Sensitive,Standard,0.001,Smart Value & Price-Sensitive Promotional Campaigns,Weekly Promotional Email / Discount Catalog SMS
CUST_0586,Male,44,79,32,16,209.87,267,18.5,30.1,0.33,7,7.1,3357.92,0,4,Frugal Budget Conscious,Budget Shoppers,Tier 4 - Cost Sensitive,Standard,0.0,High-Value Upselling & Premium Basket Conversion,Curated Email Lookbooks / Targeted Category Highlights
CUST_0587,Male,57,120,9,14,221.68,354,12.6,31.6,0.22,4,8.3,3103.52,0,3,Affluent VIP Spenders,Premium / High-Value,Tier 1 - Highest Value,Standard,0.001,VIP Loyalty Concierge & Exclusive Retention,Dedicated Concierge / Private Invitation / SMS Preview
CUST_0588,Male,51,104,12,12,194.86,294,20.8,40.8,0.51,4,7.8,2338.32,0,3,Affluent VIP Spenders,Premium / High-Value,Tier 1 - Highest Value,Standard,0.0,VIP Loyalty Concierge & Exclusive Retention,Dedicated Concierge / Private Invitation / SMS Preview
CUST_0589,Male,29,55,11,12,108.39,327,22.2,41.7,0.62,13,3.2,1300.68,0,4,Frugal Budget Conscious,Budget Shoppers,Tier 4 - Cost Sensitive,Standard,0.001,Smart Value & Price-Sensitive Promotional Campaigns,Weekly Promotional Email / Discount Catalog SMS
CUST_0590,Male,62,118,46,16,243.44,225,14.7,41.5,0.43,7,7.6,3895.04,0,3,Affluent VIP Spenders,Premium / High-Value,Tier 1 - Highest Value,Standard,0.003,VIP Loyalty Concierge & Exclusive Retention,Dedicated Concierge / Private Invitation / SMS Preview
CUST_0591,Male,70,65,16,18,142.1,314,26.5,44.6,0.06,0,10.2,2557.8,0,0,Frugal Budget Conscious,Budget Shoppers,Tier 4 - Cost Sensitive,Standard,0.0,Smart Value & Price-Sensitive Promotional Campaigns,Weekly Promotional Email / Discount Catalog SMS
CUST_0592,Female,24,52,1,9,63.77,365,17.6,37.1,0.47,7,2.4,573.93,0,4,Frugal Budget Conscious,Budget Shoppers,Tier 4 - Cost Sensitive,Standard,0.0,Smart Value & Price-Sensitive Promotional Campaigns,Weekly Promotional Email / Discount Catalog SMS
CUST_0593,Male,27,46,63,21,201.11,248,12.5,47.2,0.52,15,4.4,4223.31,0,1,Young Enthusiasts & Trendsetters,Potential / High-Engagement,Tier 3 - High Engagement,Standard,0.001,Gamified Mobile Engagement & Flash Social Drops,Mobile App Push / TikTok & Instagram Ads / SMS Alerts
CUST_0594,Male,62,53,21,9,114.24,349,15.6,38.4,0.07,5,7.5,1028.16,0,0,Frugal Budget Conscious,Budget Shoppers,Tier 4 - Cost Sensitive,Standard,0.001,Smart Value & Price-Sensitive Promotional Campaigns,Weekly Promotional Email / Discount Catalog SMS
CUST_0595,Female,34,51,30,11,134.44,274,14.6,50.3,0.37,8,4.2,1478.84,0,4,Frugal Budget Conscious,Budget Shoppers,Tier 4 - Cost Sensitive,Standard,0.001,Smart Value & Price-Sensitive Promotional Campaigns,Weekly Promotional Email / Discount Catalog SMS
CUST_0596,Female,43,65,13,12,105.38,359,19.9,41.0,0.66,6,5.4,1264.56,0,4,Frugal Budget Conscious,Budget Shoppers,Tier 4 - Cost Sensitive,Standard,0.0,Smart Value & Price-Sensitive Promotional Campaigns,Weekly Promotional Email / Discount Catalog SMS
CUST_0597,Female,38,65,34,18,169.53,282,13.4,55.9,0.25,10,6.3,3051.54,0,4,Frugal Budget Conscious,Budget Shoppers,Tier 4 - Cost Sensitive,Standard,0.001,Smart Value & Price-Sensitive Promotional Campaigns,Weekly Promotional Email / Discount Catalog SMS
CUST_0598,Male,45,60,4,7,93.59,356,16.3,47.1,0.66,7,5.0,655.13,0,0,Frugal Budget Conscious,Budget Shoppers,Tier 4 - Cost Sensitive,Standard,0.001,Smart Value & Price-Sensitive Promotional Campaigns,Weekly Promotional Email / Discount Catalog SMS
CUST_0599,Male,63,73,28,18,170.91,291,19.3,49.0,0.5,5,7.3,3076.38,0,0,Frugal Budget Conscious,Budget Shoppers,Tier 4 - Cost Sensitive,Standard,0.0,High-Value Upselling & Premium Basket Conversion,Curated Email Lookbooks / Targeted Category Highlights
CUST_0600,Male,19,103,95,31,318.02,175,17.6,51.5,0.55,22,1.4,9858.62,1,1,Young Enthusiasts & Trendsetters,Potential / High-Engagement,Tier 3 - High Engagement,High-Value,0.998,VIP Loyalty Concierge & Exclusive Retention,Dedicated Concierge / Private Invitation / SMS Preview
